id,numpos,bytes,fen,dtm
KK,462,44,,
KNK,26282,45,,
KBK,27243,45,,
KRK,27036,5228,7K/8/8/8/8/8/2k5/1R6 w - - ,31
KQK,25635,4528,7K/6Q1/8/8/8/3k4/8/8 w - - ,19
KKN,28644,45,,
KKB,28644,45,,
KKR,28644,6861,,
KKQ,28644,5369,,
KPK,81664,15830,8/8/8/1k6/8/8/K5P1/8 w - - ,55
KKP,84012,11930,,
KNNK,735304,781,8/8/8/8/8/2N5/8/k1K1N3 w - - ,1
KBNK,1550621,490493,8/8/8/8/8/7B/8/Nk5K w - - ,65
KRNK,1538479,250233,7K/8/8/8/8/3N4/2k5/1R6 w - - ,31
KQNK,1459616,175863,7K/7N/8/8/8/2k5/7Q/8 w - - ,17
KNKN,1603202,1078,8/8/8/8/8/8/n1K5/k1N5 w - - ,1
KNKB,1603202,1077,8/8/8/8/8/8/b7/k1K1N3 w - - ,1
KNKR,1603202,185197,8/8/8/8/8/8/r2N4/k1K5 w - - ,1
KNKQ,1603202,598688,,
KBBK,789885,120022,8/8/8/8/7B/8/3k4/K2B4 w - - ,37
KRBK,1594560,219768,K7/8/8/8/8/3B4/3k4/2R5 w - - ,31
KQBK,1512507,171689,7K/8/8/8/8/2k5/2B4Q/8 w - - ,15
KBKN,1661823,1116,8/8/8/8/8/8/n1K5/k1B5 w - - ,1
KBKB,1661823,1202,8/8/8/8/8/8/b7/k1K1B3 w - - ,1
KBKR,1661823,61789,,
KBKQ,1661823,525794,,
KRRK,777639,64973,8/8/7K/4R3/8/8/1k6/R7 w - - ,13
KQRK,1500642,112436,K7/8/7Q/8/8/3k4/2R5/8 w - - ,11
KRKN,1649196,294222,8/8/6R1/2K5/n7/8/8/3k4 w - - ,79
KRKB,1649196,163129,8/8/8/8/8/8/8/k1b1KR2 w - - ,57
KRKR,1649196,150354,8/8/8/8/8/5R2/1r6/K1k5 w - - ,37
KRKQ,1649196,707670,8/8/8/8/8/1R6/6q1/K1k5 w - - ,37
KQQK,699072,48026,3Q4/3Q4/8/3K4/8/8/8/2k5 w - - ,7
KQKN,1563735,412363,8/8/8/8/8/2k5/2n5/KQ6 w - - ,41
KQKB,1563735,389740,8/6Q1/8/4b3/3k4/8/8/K7 w - - ,33
KQKR,1563735,584358,8/8/8/8/2r5/8/2k5/K6Q w - - ,69
KQKQ,1563735,195985,8/8/8/8/8/8/8/qk1K2Q1 w - - ,25
KKNN,873642,687,,
KKBN,1747284,516353,,
KKRN,1747284,374443,,
KKQN,1747284,344964,,
KKBB,873642,144394,,
KKRB,1747284,341472,,
KKQB,1747284,335673,,
KKRR,873642,161017,,
KKQR,1747284,316309,,
KKQQ,873642,172683,,
KNPK,4648581,1282362,1N6/8/8/8/8/2k3P1/8/2K5 w - - ,53
KBPK,4817128,1189702,8/3P4/KBk5/8/8/8/8/8 w - - ,61
KRPK,4779624,737575,8/7K/8/1R6/2kP4/8/8/8 w - - ,31
KQPK,4533584,483410,8/8/8/2k5/8/3P4/8/5Q1K w - - ,19
KPKN,4981504,1048052,8/8/8/k7/8/n7/K5P1/8 w - - ,57
KPKB,4981504,719549,8/8/8/k7/8/b7/K5P1/8 w - - ,57
KPKR,4981504,1632237,8/2k5/4KP2/2r5/8/8/8/8 w - - ,85
KPKQ,4981504,1341186,8/8/8/k7/8/q7/K5P1/8 w - - ,57
KNKP,4780470,445434,8/8/8/8/p7/8/N7/k1K5 w - - ,13
KBKP,4954768,198356,8/8/8/8/8/8/p7/k1K1B3 w - - ,1
KRKP,4916566,1069484,8/8/6K1/2R5/1p6/1k6/8/8 w - - ,51
KQKP,4662590,862870,2QK4/8/8/8/8/8/3kp3/8 w - - ,55
KKNP,5124732,1308108,,
KKBP,5124732,1262193,,
KKRP,5124732,1071821,,
KKQP,5124732,769885,,
KPPK,1806671,347322,8/8/8/8/8/2k3P1/6P1/K7 w - - ,63
KPKP,3743328,1108146,3K4/8/4p3/8/8/8/2P5/2k5 w - - ,65
KKPP,1912372,399710,,
KNNNK,13486227,4070852,8/8/8/8/8/8/2k4N/1N4KN w - - ,41
KBNNK,43406296,12657033,K7/8/8/8/8/8/2NkN3/3B4 w - - ,67
KRNNK,43056199,7300044,7K/8/8/8/8/1Nk5/1RN5/8 w - - ,29
KQNNK,40873647,5489864,6NN/7Q/7K/8/8/8/3k4/8 w - - ,15
KNNKN,44118240,50994,7n/8/8/8/8/2K5/8/k2N1N2 w - - ,13
KNNKB,44118240,39430,8/8/8/8/1N6/8/1b6/k1NK4 w - - ,7
KNNKR,44118240,313169,8/8/8/8/3N4/r7/8/k1K1N3 w - - ,5
KNNKQ,44118240,20203581,8/8/8/8/8/8/qN6/k1K1N3 w - - ,1
KBBNK,44983620,11641869,8/8/8/8/8/7B/1kB5/N6K w - - ,65
KRBNK,90787360,13653465,7K/8/8/8/8/B7/RN6/1k6 w - - ,57
KQBNK,86166719,10791375,QN6/KB6/8/8/8/8/8/2k5 w - - ,13
KBNKN,93037260,15490236,8/8/8/8/8/8/B5n1/k2N1K2 w - - ,213
KBNKB,93037260,9918175,8/8/3N4/8/5B2/2K5/8/k5b1 w - - ,77
KBNKR,93037260,10251876,8/8/8/8/8/8/K6B/1rk2N2 w - - ,71
KBNKQ,93037260,52042673,8/8/8/5q2/4B3/8/4N3/3k3K w - - ,71
KRRNK,44265261,3739356,7K/8/8/8/8/8/1RNR4/2k5 w - - ,19
KQRNK,85470663,7287489,Q7/RN6/K7/8/8/8/8/1k6 w - - ,9
KRNKN,92308740,29535625,8/8/n7/8/K7/8/2kN4/3R4 w - - ,73
KRNKB,92308740,30012299,8/8/8/8/3b4/8/5R2/1kN1K3 w - - ,61
KRNKR,92308740,8759139,8/8/8/8/N2K4/R7/8/2k1r3 w - - ,73
KRNKQ,92308740,28305248,8/8/8/8/1R6/4q3/3N4/k6K w - - ,39
KQQNK,39840787,3089755,8/8/8/8/8/2N2KQQ/8/k7 w - - ,7
KQNKN,87576960,19381887,8/8/8/8/3N4/2k5/1n2Q3/3K4 w - - ,41
KQNKB,87576960,19870799,8/8/8/8/3b4/8/N1k5/K6Q w - - ,33
KQNKR,87576960,24002737,8/8/8/8/6rK/1Q6/7N/k7 w - - ,75
KQNKQ,87576960,10735465,1q6/8/7Q/8/8/4K3/8/3kN3 w - - ,81
KNKNN,48096060,36533,8/8/8/8/8/8/n1K5/knN5 w - - ,1
KNKBN,96192120,5764928,8/8/8/8/8/8/b7/knK1N3 w - - ,1
KNKRN,96192120,39203829,8/8/8/8/8/8/r2N4/knK5 w - - ,1
KNKQN,96192120,30057590,8/8/8/8/8/8/qn6/k1K1N3 w - - ,1
KNKBB,48096060,15109020,8/8/8/8/8/8/b7/k1K1Nb2 w - - ,1
KNKRB,96192120,39818630,8/8/8/8/8/8/r2N4/kbK5 w - - ,1
KNKQB,96192120,31194594,8/8/8/8/8/8/b1q5/k1K1N3 w - - ,1
KNKRR,48096060,17848942,8/8/8/8/8/8/r2Nr3/k1K5 w - - ,1
KNKQR,96192120,30430944,8/8/8/8/8/8/r2Nq3/k1K5 w - - ,1
KNKQQ,48096060,13168504,,
KBBBK,15010230,1952662,8/8/8/3B4/3B4/3k4/3B4/3K4 w - - ,31
KRBBK,46242090,6660245,8/7K/8/8/8/2B5/2k5/1RB5 w - - ,23
KQBBK,43879680,5123768,2B1Q3/8/4K3/8/8/7B/8/1k6 w - - ,11
KBBKN,47393100,15343054,8/8/8/8/8/K1B5/3n4/2k2B2 w - - ,155
KBBKB,47393100,3937767,8/8/8/2B5/8/2KB4/8/k2b4 w - - ,43
KBBKR,47393100,4132616,4r3/8/8/8/8/8/8/k1K3BB w - - ,45
KBBKQ,47393100,20387304,K7/8/8/8/6B1/B7/3k4/4q3 w - - ,41
KRRBK,45873720,4159810,6K1/8/8/8/8/8/1RBR4/2k5 w - - ,19
KQRBK,88558020,7637711,Q7/R7/K1B5/8/8/8/8/2k5 w - - ,9
KRBKN,95673600,26602477,8/8/6R1/8/2n5/4K3/1B6/3k4 w - - ,79
KRBKB,95673600,26224652,8/8/R7/2b5/8/4K3/8/1k4B1 w - - ,59
KRBKR,95673600,9352079,8/4B3/8/6R1/r7/8/4K3/k7 w - - ,129
KRBKQ,95673600,21263650,1q6/8/8/8/8/8/8/k1KR2B1 w - - ,41
KQQBK,41270973,3182553,8/8/8/8/4K1QQ/8/4B3/k7 w - - ,7
KQBKN,90750420,17827441,8/8/8/8/8/2kB4/1n2Q3/3K4 w - - ,41
KQBKB,90750420,17377440,7K/8/8/4b3/3k3B/6Q1/8/8 w - - ,33
KQBKR,90750420,21861795,7K/7r/8/8/8/4Q3/8/1B1k4 w - - ,79
KQBKQ,90750420,11344704,6Q1/8/8/2K5/8/6B1/8/1k3q2 w - - ,65
KBKNN,49854690,34849,8/8/8/8/8/8/n1K5/knB5 w - - ,1
KBKBN,99709380,1926467,8/8/8/8/8/8/b7/knK3B1 w - - ,3
KBKRN,99709380,37551883,8/8/8/8/8/8/n1K5/k1Br4 w - - ,1
KBKQN,99709380,30063179,8/8/8/8/8/8/n1K5/k1B1q3 w - - ,1
KBKBB,49854690,987580,8/8/8/8/8/8/b7/k1K1b1B1 w - - ,3
KBKRB,99709380,39794739,8/8/8/8/8/8/b3r3/k1K1B3 w - - ,3
KBKQB,99709380,31216015,8/8/8/8/8/8/b3q3/k1K1B3 w - - ,3
KBKRR,49854690,18523041,,
KBKQR,99709380,33093146,,
KBKQQ,49854690,15192987,,
KRRRK,14654106,728846,4RRR1/8/8/6K1/8/2k5/8/8 w - - ,9
KQRRK,43177698,2522755,2Q5/2R5/2R5/2K5/8/8/8/3k4 w - - ,7
KRRKN,46658340,9148348,8/8/6R1/8/2n5/4K3/1R6/3k4 w - - ,79
KRRKB,46658340,10373205,8/R7/6R1/8/3b4/8/5K2/2k5 w - - ,57
KRRKR,46658340,9493951,8/1R6/8/8/8/5rK1/4R3/k7 w - - ,61
KRRKQ,46658340,7947443,1R6/2R5/8/8/q7/7K/8/k7 w - - ,57
KQQRK,40936806,2298745,4Q3/4Q3/4R3/4K3/8/8/8/3k4 w - - ,7
KQRKN,90038520,12070325,8/8/6R1/8/2n5/4K3/1Q6/3k4 w - - ,79
KQRKB,90038520,13733779,8/Q7/6R1/2K5/8/8/5b2/2k5 w - - ,57
KQRKR,90038520,15017509,8/8/8/8/3RQ3/2k5/8/K4r2 w - - ,67
KQRKQ,90038520,21864042,K2q4/R7/8/8/8/8/2k5/Q7 w - - ,133
KRKNN,49475880,2412201,8/n7/7R/8/8/n1K5/8/1k6 w - - ,81
KRKBN,98951760,5077050,8/8/1n4R1/2b5/1K6/8/8/3k4 w - - ,81
KRKRN,98951760,5441644,8/8/1n4R1/2r5/1K6/8/8/3k4 w - - ,81
KRKQN,98951760,33720506,8/8/1n4R1/2q5/1K6/8/8/3k4 w - - ,81
KRKBB,49475880,1565787,8/8/8/b1R5/8/3K4/8/1k4b1 w - - ,61
KRKRB,98951760,4971467,8/8/8/8/Rr6/3K4/8/1k4b1 w - - ,59
KRKQB,98951760,33377442,8/8/8/8/Rq6/3K4/8/1k4b1 w - - ,59
KRKRR,49475880,13001971,8/8/8/8/8/1r6/K7/2k2rR1 w - - ,39
KRKQR,98951760,31376918,8/8/8/8/8/1r6/K7/2k2qR1 w - - ,39
KRKQQ,49475880,16293611,8/8/8/8/8/8/1R4q1/Kqk5 w - - ,37
KQQQK,12489057,495605,4Q1Q1/8/8/8/7Q/8/8/k3K3 w - - ,5
KQQKN,41944320,4405822,6Q1/8/8/8/5Q2/3k4/4n3/2K5 w - - ,37
KQQKB,41944320,4883965,8/8/8/8/8/3k1b2/8/2QKQ3 w - - ,29
KQQKR,41944320,5719081,Kr6/8/8/8/8/3Q4/4Q3/2k5 w - - ,69
KQQKQ,41944320,8136025,1Q6/Q7/8/8/8/8/2k5/K4q2 w - - ,59
KQKNN,46912050,19181872,8/8/8/8/4n2Q/3k4/8/3K3n w - - ,143
KQKBN,93824100,38654776,8/8/8/8/3b4/1Q6/3kn3/K7 w - - ,105
KQKRN,93824100,40321812,8/2Q5/8/7n/8/3k4/8/1r2K3 w - - ,137
KQKQN,93824100,17238872,3q4/2n5/8/8/8/8/6Q1/k2K4 w - - ,47
KQKBB,46912050,18421176,8/1Q6/8/8/2bb4/8/3k4/K7 w - - ,161
KQKRB,93824100,38160296,8/3Q4/7b/7r/8/8/8/1k5K w - - ,139
KQKQB,93824100,18080544,8/8/1Q6/8/1K6/6b1/8/qk6 w - - ,47
KQKRR,46912050,16489859,7r/8/2Q5/8/K7/8/2r5/3k4 w - - ,97
KQKQR,93824100,42095706,1q6/8/4r3/8/8/8/8/k1K2Q2 w - - ,75
KQKQQ,46912050,14741432,8/8/8/8/8/8/3q4/qk1K2Q1 w - - ,25
KKNNN,17472840,4588686,,
KKBNN,52418520,17086335,,
KKRNN,52418520,10675874,,
KKQNN,52418520,9383948,,
KKBBN,52418520,18525159,,
KKRBN,104837040,24230166,,
KKQBN,104837040,22671875,,
KKRRN,52418520,8118116,,
KKQRN,104837040,16475942,,
KKQQN,52418520,7895441,,
KKBBB,17472840,3778841,,
KKRBB,52418520,11083269,,
KKQBB,52418520,10392417,,
KKRRB,52418520,8512277,,
KKQRB,104837040,17840650,,
KKQQB,52418520,8638953,,
KKRRR,17472840,1991944,,
KKQRR,52418520,5844540,,
KKQQR,52418520,6216433,,
KKQQQ,17472840,2178536,,
KNNPK,130135501,36466496,5N1N/8/8/8/8/P2k4/8/7K w - - ,55
KBNPK,274352986,71188979,K1k5/2P5/8/7B/8/8/8/N7 w - - ,65
KRNPK,272153675,41277743,1k6/RN6/P7/8/8/8/8/6K1 w - - ,33
KQNPK,258294639,30402972,2Q2K1N/8/8/8/8/2P5/2k5/8 w - - ,17
KNPKN,278914860,77143457,k7/3P4/2n5/K7/8/8/3N4/8 w - - ,193
KNPKB,278914860,59561383,8/8/3K4/8/7P/8/Nb6/k7 w - - ,85
KNPKR,278914860,49511959,1N6/8/8/PK6/3r4/3k4/8/8 w - - ,87
KNPKQ,278914860,109976686,8/4P3/8/N1K5/k7/8/7q/8 w - - ,81
KBBPK,139715040,31056866,3B4/1P6/k7/8/8/8/7K/6B1 w - - ,59
KRBPK,281991360,39989155,8/8/8/8/BR6/kP6/8/K7 w - - ,31
KQBPK,267576632,31057374,8/8/8/8/8/8/k1PK4/2QB4 w - - ,17
KBPKN,289027680,78718846,1n6/3P4/8/8/1K6/7B/8/k7 w - - ,199
KBPKB,289027680,53030774,8/8/6B1/8/2P5/8/2K5/k4b2 w - - ,101
KBPKR,289027680,44291717,8/r1k5/5P2/3K4/B7/8/8/8 w - - ,89
KBPKQ,289027680,98388432,K7/1P1q4/k7/7B/8/8/8/8 w - - ,69
KRRPK,137496696,10410381,8/7K/8/8/2k5/1RPR4/8/8 w - - ,27
KQRPK,265427688,20510308,1Q6/8/8/8/8/8/kP6/1R5K w - - ,13
KRPKN,286777440,94831677,8/2n5/8/8/8/k7/P7/R3K3 w - - ,107
KRPKB,286777440,98561280,8/8/R7/8/8/1k1P4/6b1/K7 w - - ,145
KRPKR,286777440,68017443,8/8/8/8/2k5/8/1R2K1P1/6r1 w - - ,147
KRPKQ,286777440,117957313,6R1/P6K/1k6/8/8/8/8/3q4 w - - ,135
KQQPK,123694264,8094877,8/8/8/8/2P3QQ/8/4K3/k7 w - - ,7
KQPKN,272015040,54703893,8/Q7/2n5/1k6/3K4/8/7P/8 w - - ,59
KQPKB,272015040,55757232,8/8/k7/8/1Q6/2K5/6P1/4b3 w - - ,55
KQPKR,272015040,69106332,8/8/6P1/8/3k4/8/7Q/r2K4 w - - ,73
KQPKQ,272015040,63518424,2Q5/8/7q/8/8/4P3/8/k3K3 w - - ,247
KPKNN,149445120,47512772,1n1n2K1/8/2P5/8/8/8/k7/8 w - - ,147
KPKBN,298890240,144009912,8/8/3P4/8/8/2k5/8/1K2n2b w - - ,109
KPKRN,298890240,100701395,1n6/1K1P4/8/8/8/8/4r3/1k6 w - - ,135
KPKQN,298890240,79994783,8/n7/8/1k1q4/3K3P/8/8/8 w - - ,57
KPKBB,149445120,42276378,K1b5/P7/8/8/8/b1k5/8/8 w - - ,165
KPKRB,298890240,89419483,8/3P4/7b/7r/8/8/8/1k4K1 w - - ,139
KPKQB,298890240,75281913,qk6/6P1/6b1/1K6/8/8/8/8 w - - ,47
KPKRR,149445120,36832768,4K3/3P4/3k2r1/8/8/8/8/r7 w - - ,99
KPKQR,298890240,68406270,8/2k2P2/4q3/2rK4/8/8/8/8 w - - ,85
KPKQQ,149445120,27039352,qk4q1/5P2/8/1K6/8/8/8/8 w - - ,25
KNNKP,133777832,45761726,1N6/8/p7/8/8/8/2k1N3/K7 w - - ,229
KBNKP,282087792,119198440,8/8/3K4/8/8/1p6/k7/5B1N w - - ,207
KRNKP,279847660,64698139,8/8/8/4R3/8/2k3N1/3p4/K7 w - - ,57
KQNKP,265546312,45334111,8/8/2K4N/8/8/5Q2/p1k5/8 w - - ,59
KNKNP,286828200,53858854,8/8/8/8/pn6/8/N7/k1K5 w - - ,13
KNKBP,286828200,62790792,8/8/8/b7/8/p7/3N4/k1K5 w - - ,15
KNKRP,286828200,126717774,8/8/8/8/3N4/p7/3r4/k1K5 w - - ,15
KNKQP,286828200,87483860,8/8/8/q7/8/p7/3N4/k1K5 w - - ,15
KBBKP,143681550,25680322,8/8/8/8/1B1k4/3B2p1/5K2/8 w - - ,147
KRBKP,290020080,56978608,8/8/8/8/8/1R1K4/kB1p4/8 w - - ,55
KQBKP,275142332,40954062,8/7Q/1k3K2/8/8/8/p7/5B2 w - - ,63
KBKNP,297286080,28731808,1B6/8/8/8/8/8/p7/k2K2n1 w - - ,17
KBKBP,297286080,29851396,8/8/8/8/8/8/p7/kbBK4 w - - ,5
KBKRP,297286080,106015914,8/8/8/8/8/8/p3r3/k1K1B3 w - - ,3
KBKQP,297286080,78376484,8/8/8/8/8/8/p3q3/k1K1B3 w - - ,3
KRRKP,141421964,16531542,8/8/1R6/8/8/8/1R1p4/2k1K3 w - - ,65
KQRKP,272953482,25046138,8/Q7/R7/8/8/8/1p6/K1k5 w - - ,79
KRKNP,294993960,34638371,k4K2/p7/8/8/8/8/4R3/7n w - - ,133
KRKBP,294993960,27535202,8/7p/8/8/k1K5/6R1/8/b7 w - - ,77
KRKRP,294993960,55414408,7R/8/8/k7/8/r7/Kp6/8 w - - ,65
KRKQP,294993960,96387315,7R/8/8/k7/8/q7/Kp6/8 w - - ,65
KQQKP,127176322,9377526,8/8/8/3Q4/7Q/2k5/1p6/K7 w - - ,43
KQKNP,279755400,72812690,8/7Q/8/K7/8/8/3p4/n1k5 w - - ,109
KQKBP,279755400,73067272,4K3/8/8/8/8/6Q1/kp1b4/8 w - - ,99
KQKRP,279755400,93612153,8/7Q/7K/2r5/2p5/8/1k6/8 w - - ,207
KQKQP,279755400,52178763,2Qq4/2K5/8/8/8/8/4p3/2k5 w - - ,57
KKNNP,153741960,45633447,,
KKBNP,307483920,100559086,,
KKRNP,307483920,66956774,,
KKQNP,307483920,56171030,,
KKBBP,153741960,46039707,,
KKRBP,307483920,66546140,,
KKQBP,307483920,58989524,,
KKRRP,153741960,21217310,,
KKQRP,307483920,42711845,,
KKQQP,153741960,18219082,,
KNPPK,102898651,22938590,N7/1k5K/8/8/8/1P6/1P6/8 w - - ,63
KBPPK,106602156,22801614,B7/1K6/8/8/8/3k3P/7P/8 w - - ,49
KRPPK,105758668,14739520,8/8/8/8/2kP4/8/1R1P4/K7 w - - ,29
KQPPK,100347222,10648232,2K5/8/8/8/8/2P4Q/2P5/k7 w - - ,17
KPPKN,108400260,34320639,3n4/5P2/8/8/3K2P1/8/k7/8 w - - ,99
KPPKB,108400260,27861807,8/1P6/k7/8/1P6/6K1/8/6b1 w - - ,85
KPPKR,108400260,41916165,3K4/8/8/4P3/8/2r5/5P2/2k5 w - - ,107
KPPKQ,108400260,34946270,8/2P5/7q/8/8/4P3/3K4/k7 w - - ,247
KNPKP,213197258,87667511,N7/8/K7/8/4p3/8/6P1/k7 w - - ,113
KBPKP,220860122,78198248,8/7p/8/8/8/1B6/K6P/2k5 w - - ,133
KRPKP,219141506,50659836,R7/P7/8/K7/8/8/pk6/8 w - - ,111
KQPKP,207965860,32554482,8/8/8/8/3P2Q1/8/1p6/K1k5 w - - ,209
KPKNP,224599680,99921854,8/4K3/8/1p6/7P/8/1n6/k7 w - - ,115
KPKBP,224599680,94725929,4K3/8/6P1/8/1p6/8/3b4/k7 w - - ,101
KPKRP,224599680,89360970,K7/7P/4r3/8/5p2/8/2k5/8 w - - ,205
KPKQP,224599680,67891951,k1q5/2K5/7p/8/8/8/6P1/8 w - - ,67
KNKPP,108837262,29079027,8/p1p5/8/8/8/8/8/kNK5 w - - ,33
KBKPP,112799216,17924978,8/8/8/1p6/8/8/p7/k2KB3 w - - ,7
KRKPP,111923914,34127228,5K2/8/1R2p3/2p5/k7/8/8/8 w - - ,79
KQKPP,106156066,25469549,8/8/5K2/2p5/8/8/3p2Q1/2k5 w - - ,81
KKNPP,114742320,30803651,,
KKBPP,114742320,31124175,,
KKRPP,114742320,23950148,,
KKQPP,114742320,18370908,,
KPPPK,26061704,3695176,K7/8/8/8/2k3P1/6P1/6P1/8 w - - ,65
KPPKP,81630788,29506880,8/8/8/8/1p2P3/4P3/1k6/3K4 w - - ,253
KPKPP,83957800,36142970,8/8/P7/4K3/2p5/3p4/8/k7 w - - ,85
KKPPP,28388716,5138549,,
KNNNNK,182373259,50717239,8/8/8/8/8/8/1N5N/kN4NK w - - ,35
KBNNNK,796560606,224816442,8/8/8/8/8/NBN5/1NK5/k7 w - - ,43
KRNNNK,789946401,139071174,8/7N/7K/8/8/8/Nk6/RN6 w - - ,31
KQNNNK,750360933,108451311,6NQ/6NN/5K2/8/8/8/1k6/8 w - - ,15
KNNNKN,795687393,389603872,N7/8/8/6n1/8/6K1/2k4N/1N6 w - - ,179
KNNNKB,795687393,393924761,6bN/8/8/8/8/1N6/2k5/K6N w - - ,191
KNNNKR,795687393,83919448,8/8/8/6r1/8/8/5N2/KNk3N1 w - - ,49
KNNNKQ,795687393,242337235,8/8/8/8/2NN3q/8/8/K1k3N1 w - - ,47
KBBNNK,1259927061,305400578,8/8/8/8/8/NB6/1NK5/kB6 w - - ,49
KRBNNK,2542196128,384262632,8/8/8/8/8/N7/NRK5/kB6 w - - ,41
KQBNNK,2414266194,302085931,5N1Q/6BN/5K2/8/8/8/8/1k6 w - - ,13
KBNNKN,2560971464,1199515115,8/5B2/4K3/8/8/5n2/4N3/N2k4 w - - ,217
KBNNKB,2560971464,1195876981,5N2/8/3b4/8/8/8/8/K1Bk3N w - - ,105
KBNNKR,2560971464,344393008,3B4/8/2r5/8/2N1N3/8/4K3/k7 w - - ,111
KBNNKQ,2560971464,1012173569,8/8/8/7q/1B1N4/1K6/8/1k1N4 w - - ,77
KRRNNK,1239212868,133310972,7K/8/8/8/8/8/NRR5/kN6 w - - ,19
KQRNNK,2394193725,218114638,5NRQ/6K1/7N/8/8/8/2k5/8 w - - ,11
KRNNKN,2540315741,676138705,8/8/4n3/1K6/8/8/1Nk5/1RN5 w - - ,67
KRNNKB,2540315741,706297016,8/8/8/8/5K2/R7/1N5b/1k4N1 w - - ,59
KRNNKR,2540315741,834768404,8/8/8/1N6/8/6r1/NR6/k6K w - - ,83
KRNNKQ,2540315741,378778155,6R1/8/8/8/7q/1K6/8/2k1N1N1 w - - ,65
KQQNNK,1116710079,102382156,8/8/8/8/8/8/4NN2/k3KQQ1 w - - ,7
KQNNKN,2411545173,454661167,N7/8/1Q6/8/8/8/3nN3/1K1k4 w - - ,25
KQNNKB,2411545173,472023674,7K/8/8/8/8/1NbN4/2k5/Q7 w - - ,33
KQNNKR,2411545173,544549304,8/8/4N3/8/5rK1/1Q6/7N/k7 w - - ,77
KQNNKQ,2411545173,807640260,2q5/8/7N/K7/8/7N/Q7/2k5 w - - ,147
KNNKNN,1301488080,1380191,7n/8/8/8/2N5/8/4N3/knK5 w - - ,17
KNNKBN,2602976160,6478264,7n/8/8/4b3/2N5/K7/N7/1k6 w - - ,19
KNNKRN,2602976160,705624796,8/8/8/4r3/3N4/8/8/kNK4n w - - ,13
KNNKQN,2602976160,984472483,7n/8/8/8/2N5/1q6/8/k1NK4 w - - ,13
KNNKBB,1301488080,87727882,8/8/8/8/1N6/8/1b6/k1NK2b1 w - - ,7
KNNKRB,2602976160,1627439163,8/8/8/8/1N6/1r6/1b6/1k1K1N2 w - - ,9
KNNKQB,2602976160,973502483,8/8/8/8/1N6/1q6/1b6/k1NK4 w - - ,7
KNNKRR,1301488080,545995571,8/8/8/8/3N4/r7/2r5/k1K1N3 w - - ,5
KNNKQR,2602976160,919212994,8/8/8/8/3N4/r7/2q5/k1K1N3 w - - ,5
KNNKQQ,1301488080,453051520,8/8/8/8/8/8/qNq5/k1K1N3 w - - ,1
KBBBNK,855309450,149819728,8/8/8/8/8/1BK5/1N6/BBk5 w - - ,43
KRBBNK,2634285390,359019671,7K/8/8/8/8/B7/RN6/Bk6 w - - ,37
KQBBNK,2501196540,263334591,8/8/8/8/1B6/Q1K5/1B6/Nk6 w - - ,13
KBBNKN,2654033580,1097181771,8/8/8/8/8/8/BN4B1/k3nK2 w - - ,215
KBBNKB,2654033580,850985938,2B5/7K/8/7b/8/2k5/3N4/3B4 w - - ,105
KBBNKR,2654033580,842209994,N7/1r4B1/8/8/8/7B/8/K1k5 w - - ,169
KBBNKQ,2654033580,1052868239,3q4/8/2B5/2B5/8/8/4N3/k1K5 w - - ,77
KRRBNK,2612675190,246138263,7K/8/8/8/2R5/2Nk4/2R5/2B5 w - - ,19
KQRBNK,5046679560,409089570,8/8/8/8/8/8/B5NR/k5KQ w - - ,9
KRBNKN,5356454240,1312793827,8/8/8/8/5R2/1B5n/8/k2N2K1 w - - ,213
KRBNKB,5356454240,1298540783,8/8/8/R7/Nb6/8/3K4/k5B1 w - - ,77
KRBNKR,5356454240,1633364430,8/3K4/8/6r1/8/8/4R3/N2k2B1 w - - ,135
KRBNKQ,5356454240,839980257,R3B3/8/8/1N6/8/3K4/8/1k4q1 w - - ,241
KQQBNK,2353368031,171683217,8/8/8/8/8/2N3QQ/8/kBK5 w - - ,7
KQBNKN,5083836421,895571132,8/8/8/8/5Q2/1B5n/8/k2N2K1 w - - ,213
KQBNKB,5083836421,887333273,8/Q7/3B4/8/3K4/8/4Nb2/1k6 w - - ,77
KQBNKR,5083836421,1052422391,8/8/8/3B4/8/2N5/Q7/2k2rK1 w - - ,87
KQBNKQ,5083836421,1580064128,8/8/2K5/8/8/1Q1B4/8/2kN3q w - - ,167
KBNKNN,2744599170,53926652,3n4/8/8/3B4/8/8/8/k1KNn3 w - - ,213
KBNKBN,5489198340,68815825,8/8/8/8/8/1B6/6n1/k2NKb2 w - - ,213
KBNKRN,5489198340,1034438064,8/8/8/8/8/1B6/6n1/k2NKr2 w - - ,213
KBNKQN,5489198340,1924527528,8/8/8/8/8/1B6/6n1/k2NKq2 w - - ,213
KBNKBB,2744599170,49934927,6B1/7b/8/8/6N1/3k4/8/1Kb5 w - - ,79
KBNKRB,5489198340,2044543693,6B1/7r/8/8/6N1/3k4/8/1Kb5 w - - ,79
KBNKQB,5489198340,1901244071,6B1/7q/8/8/6N1/3k4/8/1Kb5 w - - ,79
KBNKRR,2744599170,1020252595,8/8/8/8/3N4/1r6/7B/K1kr4 w - - ,71
KBNKQR,5489198340,1833841116,8/8/8/8/3N4/1q6/7B/K1kr4 w - - ,71
KBNKQQ,2744599170,965447152,8/8/8/8/3N4/1q6/7B/K1kq4 w - - ,71
KRRRNK,834417609,43486994,8/8/5RR1/5KR1/8/2N5/8/k7 w - - ,9
KQRRNK,2460012357,143774994,8/QR6/RK6/N7/8/8/8/3k4 w - - ,9
KRRNKN,2611650399,399673408,8/8/4R3/2n5/8/1K6/3kN3/4R3 w - - ,65
KRRNKB,2611650399,448593778,8/8/8/2R5/1R3K2/8/3b4/3kN3 w - - ,55
KRRNKR,2611650399,492924175,8/8/8/8/7K/1RN4r/5R2/k7 w - - ,89
KRRNKQ,2611650399,727416289,2q5/K6R/8/8/8/5R2/8/3k3N w - - ,215
KQQRNK,2333761584,129568762,8/6Q1/5Q2/4KR2/8/2N5/8/k7 w - - ,7
KQRNKN,5042769117,601682500,8/8/4Q3/2n5/8/1K6/3kN3/4R3 w - - ,65
KQRNKB,5042769117,642090751,8/4b3/8/2K5/8/Q7/2Nk4/2R5 w - - ,53
KQRNKR,5042769117,703958819,8/8/8/8/1R6/1Q6/2Kr1N2/k7 w - - ,87
KQRNKQ,5042769117,951482453,8/RN6/8/8/8/5q2/2k5/Q6K w - - ,153
KRNKNN,2723107830,1032349247,6N1/5KR1/2n5/8/8/8/2n5/1k6 w - - ,523
KRNKBN,5446215660,1844641507,5RbN/8/7n/8/8/8/8/2k2K2 w - - ,417
KRNKRN,5446215660,753139420,7n/8/5R2/8/3r4/8/8/k2K3N w - - ,103
KRNKQN,5446215660,2557151418,8/8/8/7n/q7/N7/R7/3k1K2 w - - ,83
KRNKBB,2723107830,1146351514,5b2/8/3R4/8/5b2/6N1/8/1k4K1 w - - ,303
KRNKRB,5446215660,735347830,8/8/8/8/r7/8/3K4/kNRb4 w - - ,73
KRNKQB,5446215660,2518460413,8/8/1R6/KN6/3b4/q7/8/1k6 w - - ,63
KRNKRR,2723107830,429724223,8/8/8/8/N2K4/8/R7/r1k1r3 w - - ,73
KRNKQR,5446215660,1761542442,8/8/8/8/N2K4/8/R7/q1k1r3 w - - ,73
KRNKQQ,2723107830,987846794,8/8/8/8/qR6/4q3/3N4/k6K w - - ,39
KQQQNK,712439749,27623154,7Q/6Q1/5Q2/4K3/8/2N5/8/k7 w - - ,7
KQQNKN,2350606433,221513049,N6K/5n2/2Q5/4Q3/8/8/3k4/8 w - - ,25
KQQNKB,2350606433,228819273,3Q4/8/8/8/8/2b5/Q1N5/K1k5 w - - ,27
KQQNKR,2350606433,253085602,N7/8/8/8/8/1Q6/2Q5/k4rK1 w - - ,91
KQQNKQ,2350606433,315275194,1Q6/8/8/7Q/8/K4N2/8/q2k4 w - - ,89
KQNKNN,2583520320,778718151,8/5n1Q/3n4/8/2N5/2k2K2/8/8 w - - ,135
KQNKBN,5167040640,1549205109,8/8/8/2N5/3b4/1Q6/3kn3/K7 w - - ,105
KQNKRN,5167040640,1966084119,1n2Q3/8/K7/8/8/8/2rN4/2k5 w - - ,137
KQNKQN,5167040640,829288967,1q6/7n/7Q/8/8/4K3/8/3kN3 w - - ,85
KQNKBB,2583520320,785047233,7Q/7K/7N/8/4b3/3kb3/8/8 w - - ,163
KQNKRB,5167040640,1991949418,8/N7/6Q1/8/3b4/8/1K1k4/5r2 w - - ,141
KQNKQB,5167040640,845283016,q7/7Q/8/8/1K2N3/8/8/1k4b1 w - - ,87
KQNKRR,2583520320,1144738667,8/r6N/8/8/r3K3/8/7Q/2k5 w - - ,347
KQNKQR,5167040640,1584802822,7q/r7/6K1/8/6Q1/8/4N3/3k4 w - - ,105
KQNKQQ,2583520320,703082879,6q1/8/8/Q7/8/2qK4/8/1N1k4 w - - ,83
KNKNNN,945889180,371311722,8/8/8/8/8/8/nn6/knN1K3 w - - ,1
KNKBNN,2837667540,1260055060,8/8/8/8/8/8/b7/knKnN3 w - - ,1
KNKRNN,2837667540,1082865647,8/8/8/8/8/8/r2N4/knKn4 w - - ,1
KNKQNN,2837667540,805509299,8/8/8/8/8/8/qn6/knK1N3 w - - ,1
KNKBBN,2837667540,1489353418,8/8/8/8/8/8/b7/knK1Nb2 w - - ,1
KNKRBN,5675335080,2491718912,8/8/8/8/8/8/r2N4/kbKn4 w - - ,1
KNKQBN,5675335080,1933037861,8/8/8/8/8/8/b1q5/knK1N3 w - - ,1
KNKRRN,2837667540,1054098093,8/8/8/8/8/8/r2Nr3/knK5 w - - ,1
KNKQRN,5675335080,1761225103,8/8/8/8/8/8/r2Nq3/knK5 w - - ,1
KNKQQN,2837667540,698400779,8/8/8/8/8/8/qnq5/k1K1N3 w - - ,1
KNKBBB,945889180,379358287,8/8/8/8/8/8/b7/k1K1Nbb1 w - - ,1
KNKRBB,2837667540,1258590421,8/8/8/8/8/8/r2N4/kbK1b3 w - - ,1
KNKQBB,2837667540,995356091,8/8/8/8/8/8/b7/k1K1Nbq1 w - - ,1
KNKRRB,2837667540,998669646,8/8/8/8/8/8/r2Nr3/kbK5 w - - ,1
KNKQRB,5675335080,1657755513,8/8/8/8/8/8/r2Nq3/kbK5 w - - ,1
KNKQQB,2837667540,652378389,8/8/8/8/8/5q2/b1q5/k1K1N3 w - - ,1
KNKRRR,945889180,221861901,8/8/8/8/8/8/r2Nrr2/k1K5 w - - ,1
KNKQRR,2837667540,597827811,8/8/8/8/8/8/r2Nqr2/k1K5 w - - ,1
KNKQQR,2837667540,496112717,8/8/8/8/8/8/r2Nqq2/k1K5 w - - ,1
KNKQQQ,945889180,114157730,,
KBBBBK,210258555,31246593,7K/8/8/8/7B/6B1/7B/2kB4 w - - ,25
KRBBBK,878922960,118780256,7K/8/8/8/8/8/BR6/kBB5 w - - ,21
KQBBBK,834353610,80574878,2B1Q3/3B4/4K3/8/8/8/4B3/1k6 w - - ,11
KBBBKN,885603570,207116093,8/8/8/1B6/K7/2n5/1Bk5/7B w - - ,155
KBBBKB,885603570,135298001,8/8/8/BK6/8/8/8/1b1kB2B w - - ,51
KBBBKR,885603570,280660941,K7/8/8/8/8/8/B3r2B/1Bk5 w - - ,149
KBBBKQ,885603570,246026711,8/8/8/B7/1B2B3/8/qk6/4K3 w - - ,47
KRRBBK,1330608375,133664829,1R6/7K/8/8/8/8/BR6/kB6 w - - ,19
KQRBBK,2569702320,195998019,8/8/8/8/8/8/4B1KR/k4B1Q w - - ,9
KRBBKN,2728283310,618276410,8/8/8/8/8/1nk5/3RB3/K1B5 w - - ,155
KRBBKB,2728283310,610501399,8/b7/8/8/3K4/8/BBk5/R7 w - - ,57
KRBBKR,2728283310,770131321,r7/3K4/8/8/B6B/8/R7/1k6 w - - ,139
KRBBKQ,2728283310,382242948,8/B7/8/RB6/5K2/8/1q6/3k4 w - - ,105
KQQBBK,1198051335,89146520,8/8/8/8/8/8/5BB1/k3K1QQ w - - ,7
KQBBKN,2588901120,427443411,8/1B6/3Q4/1n6/3K4/8/2kB4/8 w - - ,151
KQBBKB,2588901120,425080467,8/5b2/8/8/1BK5/7B/Q7/2k5 w - - ,45
KQBBKR,2588901120,502650181,7K/6Br/8/8/8/4Q3/8/1B1k4 w - - ,79
KQBBKQ,2588901120,726194632,8/7K/8/5q2/2B5/8/1k2B3/7Q w - - ,191
KBBKNN,1398096450,289078017,4n3/8/8/B7/8/3K4/8/n1kB4 w - - ,211
KBBKBN,2796192900,290463929,7b/6n1/8/5B2/8/7K/8/2k3B1 w - - ,179
KBBKRN,2796192900,964130412,8/8/8/5r2/1n6/B2k4/B7/2K5 w - - ,159
KBBKQN,2796192900,1067425511,8/8/8/5q2/1n6/B2k4/B7/2K5 w - - ,159
KBBKBB,1398096450,8673553,8/3B4/8/8/8/8/8/k1Kbb1B1 w - - ,45
KBBKRB,2796192900,245330126,8/3B4/8/8/3r4/8/8/k1K1b1B1 w - - ,45
KBBKQB,2796192900,843419224,8/3B4/8/8/3q4/8/8/k1K1b1B1 w - - ,45
KBBKRR,1398096450,444294890,4r3/8/8/8/3r4/8/8/k1K3BB w - - ,45
KBBKQR,2796192900,855855376,4r3/8/8/8/3q4/8/8/k1K3BB w - - ,45
KBBKQQ,1398096450,446304470,8/3q4/8/8/BB6/8/3q4/K1k5 w - - ,41
KRRRBK,864639060,43292046,8/5K2/4R3/8/2R5/3kB3/4R3/8 w - - ,11
KQRRBK,2548584450,135544639,6RQ/6KR/7B/8/8/8/2k5/8 w - - ,9
KRRBKN,2706549480,415460779,8/8/1R6/5K2/2R5/4n3/1B6/1k6 w - - ,67
KRRBKB,2706549480,457821756,K7/8/8/5R2/4R3/3kB3/8/7b w - - ,55
KRRBKR,2706549480,499138147,8/6B1/8/2R5/R7/8/8/1k3rK1 w - - ,137
KRRBKQ,2706549480,722351147,1B6/8/8/8/8/8/4qKRR/3k4 w - - ,179
KQQRBK,2417267160,119977613,8/8/8/8/4KRQQ/8/4B3/k7 w - - ,7
KQRBKN,5224923180,623452331,8/8/1R6/5K2/2Q5/4n3/1B6/1k6 w - - ,67
KQRBKB,5224923180,664654373,8/4Q3/8/2K5/8/b7/2Bk4/2R5 w - - ,53
KQRBKR,5224923180,718595765,8/6B1/8/2R5/Q7/8/7K/1k5r w - - ,135
KQRBKQ,5224923180,938907366,8/R7/8/6B1/8/7q/2k5/Q6K w - - ,133
KRBKNN,2822371200,1442922680,8/K7/2nn4/8/8/1B1k4/1R6/8 w - - ,475
KRBKBN,5644742400,2308627150,B7/8/8/4b3/8/1R6/3kn3/K7 w - - ,223
KRBKRN,5644742400,770311165,6n1/8/8/2B1R3/r1K5/8/8/2k5 w - - ,135
KRBKQN,5644742400,2363327753,8/6q1/8/1n6/1K6/8/8/1kBR4 w - - ,83
KRBKBB,2822371200,627929243,8/8/8/5K2/1R6/8/5b2/kB3b2 w - - ,183
KRBKRB,5644742400,755484469,2R5/8/8/B7/7b/3r4/8/k1K5 w - - ,129
KRBKQB,5644742400,2325058172,8/8/5B2/6q1/3K4/8/5R2/k5b1 w - - ,63
KRBKRR,2822371200,233809037,5r2/8/7B/5R2/r7/4K3/8/2k5 w - - ,133
KRBKQR,5644742400,1608172859,8/4R3/8/8/5B2/3q4/2K4r/k7 w - - ,129
KRBKQQ,2822371200,935589486,1q6/8/8/8/3B4/2R1q3/8/k1K5 w - - ,41
KQQQBK,737766177,25573394,2QQ4/2Q5/3B4/2K5/8/8/8/3k4 w - - ,7
KQQBKN,2434987407,229669163,3Q4/8/2Q5/8/1n1B4/3k4/K7/8 w - - ,31
KQQBKB,2434987407,237549181,3Q4/8/8/8/8/2b5/Q1B5/K1k5 w - - ,27
KQQBKR,2434987407,262990076,8/8/8/8/8/1Q6/2Q5/k2B1rK1 w - - ,83
KQQBKQ,2434987407,320380380,6Q1/8/5B2/8/8/8/3k4/QK1q4 w - - ,79
KQBKNN,2677137390,737720884,3B3K/5n2/8/8/3n4/8/3k4/1Q6 w - - ,137
KQBKBN,5354274780,1421095089,8/8/8/8/3b4/1Q6/3kn3/K2B4 w - - ,105
KQBKRN,5354274780,1802101996,1n2Q3/8/2K5/8/8/8/2rB4/3k4 w - - ,137
KQBKQN,5354274780,850043552,Q7/8/7q/8/2B5/3K4/n7/2k5 w - - ,83
KQBKBB,2677137390,704019655,8/1Q6/8/8/2bb4/3B4/3k4/K7 w - - ,161
KQBKRB,5354274780,1809439785,8/b7/6Q1/8/8/5B2/3k4/K1r5 w - - ,143
KQBKQB,5354274780,861757330,7q/1B5b/8/8/7Q/3k4/8/3K4 w - - ,115
KQBKRR,2677137390,1085333128,4r3/1Q6/2B5/8/8/2k5/4rK2/8 w - - ,213
KQBKQR,5354274780,1462116069,q7/r2B4/8/8/8/8/6Q1/k3K3 w - - ,97
KQBKQQ,2677137390,655631976,8/8/7q/8/8/qQ1K4/B7/2k5 w - - ,67
KBKNNN,980475570,315766730,8/8/8/8/8/8/n1K5/knB2n2 w - - ,1
KBKBNN,2941426710,1144713082,8/8/8/8/8/8/b1n4B/knK5 w - - ,5
KBKRNN,2941426710,1160412390,8/8/8/8/8/8/n1K5/knBr4 w - - ,1
KBKQNN,2941426710,862649750,8/8/8/8/8/8/n1K5/knB1q3 w - - ,1
KBKBBN,2941426710,997099956,8/8/8/8/8/8/b6B/knK3b1 w - - ,5
KBKRBN,5882853420,2573114499,8/8/8/8/8/8/b3r3/knK3B1 w - - ,5
KBKQBN,5882853420,2001265961,8/8/8/8/8/8/b3q3/knK3B1 w - - ,5
KBKRRN,2941426710,1195504660,8/8/8/8/8/8/n1K5/k1Brr3 w - - ,1
KBKQRN,5882853420,2038990131,8/8/8/8/8/8/n1K5/k1Brq3 w - - ,1
KBKQQN,2941426710,823055780,8/8/8/8/8/8/n1K5/k1B1qq2 w - - ,1
KBKBBB,980475570,171658043,8/8/8/8/8/8/b6B/k1K1b1b1 w - - ,5
KBKRBB,2941426710,1248278954,8/8/8/8/8/8/b3r3/k1K1b1B1 w - - ,5
KBKQBB,2941426710,948893413,8/8/8/8/8/8/b3q3/k1K1b1B1 w - - ,5
KBKRRB,2941426710,1150107706,8/8/8/8/8/r7/b3r3/k1K3B1 w - - ,5
KBKQRB,5882853420,1931623509,8/8/8/8/8/5q2/b3r3/k1K3B1 w - - ,5
KBKQQB,2941426710,767188436,8/8/8/8/8/5q2/b3q3/k1K3B1 w - - ,5
KBKRRR,980475570,277510431,,
KBKQRR,2941426710,742238585,,
KBKQQR,2941426710,613403226,,
KBKQQQ,980475570,139352227,,
KRRRRK,203472729,6556798,R7/R7/R7/R7/K7/8/8/2k5 w - - ,7
KQRRRK,813937722,31428764,8/8/4R1RQ/6KR/8/8/1k6/8 w - - ,7
KRRRKN,864592254,80013403,8/R7/8/3R4/1R6/8/2n5/K1k5 w - - ,63
KRRRKB,864592254,94202877,7K/8/5b2/4R3/3R4/2R5/1k6/8 w - - ,35
KRRRKR,864592254,97700145,6rK/8/8/8/2R5/3k4/2R5/4R3 w - - ,65
KRRRKQ,864592254,140421007,1R4R1/8/8/R7/4q3/8/2k5/4K3 w - - ,137
KQQRRK,1178279019,54398509,7Q/6RQ/6KR/8/8/8/3k4/8 w - - ,7
KQRRKN,2547484182,218027878,8/R7/8/3Q4/1R6/8/2n5/K1k5 w - - ,63
KQRRKB,2547484182,238727727,8/8/8/8/6b1/3k4/8/2RKQR2 w - - ,35
KQRRKR,2547484182,256218547,8/7K/7r/8/1RQ5/8/6R1/k7 w - - ,81
KQRRKQ,2547484182,325321594,8/R7/3R4/8/K7/1q6/2k5/Q7 w - - ,133
KRRKNN,1376421030,441543172,8/7R/2n2n2/7R/4K3/8/8/2k5 w - - ,85
KRRKBN,2752842060,905675010,4n1b1/8/8/8/2R5/8/4R3/1K1k4 w - - ,87
KRRKRN,2752842060,706101758,8/4n3/8/1R6/1R6/K7/2k5/7r w - - ,177
KRRKQN,2752842060,1007630120,5q2/1n6/6K1/8/6RR/8/8/k7 w - - ,85
KRRKBB,1376421030,470004048,8/8/6b1/4b3/3R4/8/2k5/R6K w - - ,89
KRRKRB,2752842060,573313636,8/8/8/4R3/7b/K5R1/8/1k1r4 w - - ,133
KRRKQB,2752842060,1135420058,8/R7/8/8/8/8/2k1KR2/1qb5 w - - ,67
KRRKRR,1376421030,274678725,8/8/8/8/1r6/6K1/RR6/1rk5 w - - ,79
KRRKQR,2752842060,921021652,8/5R2/5r2/8/8/6K1/3Rq3/1k6 w - - ,65
KRRKQQ,1376421030,429589140,1R6/1R6/8/8/q7/7q/6K1/k7 w - - ,57
KQQQRK,731602140,20526212,4Q1Q1/8/8/8/4R2Q/8/8/k3K3 w - - ,5
KQQRKN,2415271554,173952707,8/R7/8/3Q4/1Q6/8/2n5/K1k5 w - - ,63
KQQRKB,2415271554,184462183,8/8/8/8/5R2/2k1b3/8/1QKQ4 w - - ,27
KQQRKR,2415271554,199079181,8/1R6/8/8/Kr6/3Q4/4Q3/2k5 w - - ,73
KQQRKQ,2415271554,240901805,K3q3/R7/8/3Q4/8/8/2k5/Q7 w - - ,135
KQRKNN,2656136340,541789880,3R3K/5n2/8/8/3n4/8/3k4/1Q6 w - - ,137
KQRKBN,5312272680,1132650034,8/8/8/1R6/3b4/1Q6/3kn3/K7 w - - ,105
KQRKRN,5312272680,1257620724,8/8/8/7Q/2R5/3k4/7n/1r3K2 w - - ,133
KQRKQN,5312272680,1472147388,8/3R4/1q6/1n3Q2/7K/8/8/2k5 w - - ,165
KQRKBB,2656136340,618877718,8/8/6R1/7b/8/2k5/Q4b2/3K4 w - - ,161
KQRKRB,5312272680,1342114414,8/R7/6Q1/8/3b4/8/1K1k4/5r2 w - - ,141
KQRKQB,5312272680,1503167004,8/7Q/8/8/4q3/8/2k4K/R6b w - - ,177
KQRKRR,2656136340,754561489,7R/Q7/8/8/8/8/8/1k1rKr2 w - - ,113
KQRKQR,5312272680,1946055185,3q4/R7/8/Q2r4/8/3k4/8/5K2 w - - ,233
KQRKQQ,2656136340,930868177,q7/7K/3q4/7R/8/8/5Q2/1k6 w - - ,159
KRKNNN,973025640,20025852,8/1R2n3/8/8/8/8/n7/k1K3n1 w - - ,81
KRKBNN,2919076920,156166223,7n/6R1/8/8/8/3b4/2K5/k5n1 w - - ,81
KRKRNN,2919076920,766851169,8/rR6/8/8/8/8/2nK2n1/k7 w - - ,81
KRKQNN,2919076920,887596346,7n/6R1/8/8/8/3q4/2K5/k5n1 w - - ,81
KRKBBN,2919076920,667247069,8/8/n7/8/8/1K6/Rb4b1/1k6 w - - ,79
KRKRBN,5838153840,1924361662,8/8/n7/8/8/1K6/Rr4b1/1k6 w - - ,79
KRKQBN,5838153840,2099827250,8/8/n7/8/8/1K6/Rq4b1/1k6 w - - ,79
KRKRRN,2919076920,798945851,8/n7/7R/8/1r6/1Kr5/8/2k5 w - - ,79
KRKQRN,5838153840,1743449276,8/n7/7R/8/1r6/1Kq5/8/2k5 w - - ,79
KRKQQN,2919076920,866170744,8/8/8/7n/8/4K3/8/q2k1qR1 w - - ,77
KRKBBB,973025640,274649404,8/8/8/bbR5/8/3K4/8/1k4b1 w - - ,61
KRKRBB,2919076920,942292221,8/8/8/brR5/8/3K4/8/1k4b1 w - - ,61
KRKQBB,2919076920,991278140,8/8/8/bqR5/8/3K4/8/1k4b1 w - - ,61
KRKRRB,2919076920,843632655,8/8/8/1R6/8/8/2r5/k1Kr2b1 w - - ,53
KRKQRB,5838153840,1678518106,8/8/8/1R6/8/8/2q5/k1Kr2b1 w - - ,53
KRKQQB,2919076920,812222412,q7/8/8/8/8/b2K4/R7/q2k4 w - - ,51
KRKRRR,973025640,269271200,8/8/1R6/1r6/1r6/1r6/8/k1K5 w - - ,7
KRKQRR,2919076920,735235139,8/8/1R6/4q3/1r6/1r6/8/k1K5 w - - ,7
KRKQQR,2919076920,614216253,8/8/1R6/4q3/3q4/1r6/8/k1K5 w - - ,7
KRKQQQ,973025640,149652523,1R6/8/8/4q3/3q4/3q4/8/k1K5 w - - ,7
KQQQQK,164394903,4055085,4Q1Q1/8/8/8/6QQ/8/4K3/k7 w - - ,5
KQQQKN,736854363,38767369,Q7/8/Q7/8/1Q6/8/2n5/K1k5 w - - ,15
KQQQKB,736854363,41627869,3Q4/3Q4/8/7Q/4b3/8/8/k6K w - - ,9
KQQQKR,736854363,46874733,8/1Q6/8/8/Kr6/3Q4/4Q3/2k5 w - - ,73
KQQQKQ,736854363,57948653,1Q6/Q7/8/8/3q4/8/2k5/K4Q2 w - - ,61
KQQKNN,1237357440,197251729,3Q3K/5n2/8/8/3n4/8/3k4/1Q6 w - - ,137
KQQKBN,2474714880,382996869,8/8/8/1Q5Q/8/2n5/K1k1b3/8 w - - ,95
KQQKRN,2474714880,456703589,8/8/8/8/6n1/3k4/1r4KQ/4Q3 w - - ,131
KQQKQN,2474714880,609608248,1Q5n/Q7/8/8/8/K7/3k4/q7 w - - ,119
KQQKBB,1237357440,218254055,8/8/4Q3/8/3k4/3b2b1/8/3QK3 w - - ,161
KQQKRB,2474714880,488567194,2Q5/8/8/7Q/8/4b2r/3k4/6K1 w - - ,139
KQQKQB,2474714880,635919020,7Q/4Q3/8/8/8/8/2k5/3qKb2 w - - ,141
KQQKRR,1237357440,300986706,r2K4/8/7r/8/8/3Q4/7Q/2k5 w - - ,95
KQQKQR,2474714880,725614167,5rq1/8/8/6QQ/5K2/8/8/k7 w - - ,137
KQQKQQ,1237357440,382839707,7K/3q4/8/3q4/8/7Q/7Q/1k6 w - - ,99
KQKNNN,922603650,353537425,n7/2n5/Q7/8/K7/8/8/1n1k4 w - - ,161
KQKBNN,2767810950,1299505383,8/8/8/5K2/7n/8/5b1Q/k3n3 w - - ,177
KQKRNN,2767810950,848674116,7n/1n6/3Q4/8/2K5/8/5r2/2k5 w - - ,163
KQKQNN,2767810950,1073397475,7q/8/8/8/8/2k5/3n4/1Q1K3n w - - ,147
KQKBBN,2767810950,1381494427,8/8/6b1/7n/8/4K2Q/1k6/6b1 w - - ,227
KQKRBN,5535621900,1956813271,7r/Q7/1K6/8/7b/8/7n/1k6 w - - ,157
KQKQBN,5535621900,2784132286,8/8/8/8/8/3k2q1/3n4/Qb5K w - - ,109
KQKRRN,2767810950,1085772288,1r6/8/8/8/5r2/Q6K/7n/1k6 w - - ,141
KQKQRN,5535621900,2182428493,8/2Q5/8/7n/8/3k4/1r6/3Kq3 w - - ,139
KQKQQN,2767810950,867013494,q7/8/q1n5/8/2Q5/2K5/8/2k5 w - - ,49
KQKBBB,922603650,407073242,8/8/8/5b2/7b/6b1/8/k4KQ1 w - - ,193
KQKRBB,2767810950,872828333,1Q6/5b2/8/8/7K/8/8/b1k3r1 w - - ,177
KQKQBB,2767810950,1339062553,8/8/5q2/8/8/4b3/3kb3/1K4Q1 w - - ,167
KQKRRB,2767810950,1065940371,8/3r4/7b/5r2/8/8/2Q5/k6K w - - ,143
KQKQRB,5535621900,2071537550,8/3Q4/7b/1r6/8/8/8/1k4Kq w - - ,141
KQKQQB,2767810950,851908150,8/8/8/8/1K6/6b1/8/qk4qQ w - - ,47
KQKRRR,922603650,296786734,8/5r2/8/7K/8/8/6rQ/r2k4 w - - ,101
KQKQRR,2767810950,967744345,8/2r5/8/K7/8/8/1q1k4/Q6r w - - ,99
KQKQQR,2767810950,872719400,1q6/8/4rq2/8/8/8/8/k1K4Q w - - ,77
KQKQQQ,922603650,210380843,8/8/q7/8/4q3/1K6/6Qq/1k6 w - - ,25
KKNNNN,257724390,77218791,,
KKBNNN,1030897560,308991324,,
KKRNNN,1030897560,220264277,,
KKQNNN,1030897560,195407587,,
KKBBNN,1546346340,502654618,,
KKRBNN,3092692680,656088037,,
KKQBNN,3092692680,588702341,,
KKRRNN,1546346340,245076133,,
KKQRNN,3092692680,449239211,,
KKQQNN,1546346340,214455531,,
KKBBBN,1030897560,306727388,,
KKRBBN,3092692680,669183331,,
KKQBBN,3092692680,608342363,,
KKRRBN,3092692680,515851120,,
KKQRBN,6185385360,1001795672,,
KKQQBN,3092692680,476928906,,
KKRRRN,1030897560,119827314,,
KKQRRN,3092692680,341019540,,
KKQQRN,3092692680,357857276,,
KKQQQN,1030897560,122280376,,
KKBBBB,257724390,60500101,,
KKRBBB,1030897560,198179579,,
KKQBBB,1030897560,171116547,,
KKRRBB,1546346340,267590415,,
KKQRBB,3092692680,485868047,,
KKQQBB,1546346340,233597291,,
KKRRRB,1030897560,121433574,,
KKQRRB,3092692680,335911599,,
KKQQRB,3092692680,349226384,,
KKQQQB,1030897560,118811785,,
KKRRRR,257724390,19663624,,
KKQRRR,1030897560,70849306,,
KKQQRR,1546346340,133859175,,
KKQQQR,1030897560,97659001,,
KKQQQQ,257724390,19493935,,
KNNNPK,2388245373,559137344,8/2NN4/8/k7/N7/P7/8/7K w - - ,49
KBNNPK,7684590828,1656909731,k1K5/1N5N/1P6/8/8/8/8/1B6 w - - ,57
KRNNPK,7621193603,996381904,8/8/8/Nk6/RN6/P7/8/7K w - - ,35
KQNNPK,7237383369,745655213,4N2Q/6KN/8/8/8/2P5/8/k7 w - - ,15
KNNPKN,7677994559,3642708326,N2n4/1P6/k7/4N3/3K4/8/8/8 w - - ,183
KNNPKB,7677994559,3743453048,8/7N/4b3/8/8/1Nk5/4P3/6K1 w - - ,159
KNNPKR,7677994559,1336915655,8/8/4PN2/K7/8/7N/1r6/1k6 w - - ,131
KNNPKQ,7677994559,3191987466,4K3/1P6/1k5q/8/8/8/8/2N2N2 w - - ,149
KBBNPK,7961623740,1571441820,K2k4/3B4/3P1N2/8/8/7B/8/8 w - - ,63
KRBNPK,16065305140,2035028191,8/8/8/8/B7/RN6/Pk6/7K w - - ,33
KQBNPK,15253020474,1564295629,2N5/8/8/8/8/8/k1PK4/2QB4 w - - ,19
KBNPKN,16186826174,7194469148,2n5/8/8/4NK2/8/k7/P6B/8 w - - ,221
KBNPKB,16186826174,7213960989,8/8/8/8/7b/8/1K1k1P2/N5B1 w - - ,139
KBNPKR,16186826174,6832014581,8/rk6/8/7N/K6B/8/6P1/8 w - - ,281
KBNPKQ,16186826174,8016742105,3N4/3P4/2K5/8/1k1q4/8/7B/8 w - - ,225
KRRNPK,7831527725,604217660,3K4/N7/8/8/3R4/2kP4/3R4/8 w - - ,23
KQRNPK,15126986415,1118508566,1Q5N/8/8/8/8/8/kP5K/1R6 w - - ,13
KRNPKN,16057066825,4209645756,1k6/R7/2nP4/K5N1/8/8/8/8 w - - ,175
KRNPKB,16057066825,4506031364,8/8/8/8/4b3/1k2PN2/8/1KR5 w - - ,141
KRNPKR,16057066825,5559571917,8/7N/8/8/8/2k5/4r2P/K2R4 w - - ,169
KRNPKQ,16057066825,4283517708,7q/8/1NK5/4P3/1R6/8/8/k7 w - - ,245
KQQNPK,7053722316,454094823,7Q/6NQ/7K/5P2/8/8/8/2k5 w - - ,9
KQNPKN,15239383701,2566075571,8/7K/5n2/3Q4/8/8/7P/Nk6 w - - ,121
KQNPKB,15239383701,2632952593,8/8/8/8/1N6/4b3/7P/k1K3Q1 w - - ,83
KQNPKR,15239383701,3131460105,7K/7r/4P3/8/8/NQ6/8/k7 w - - ,89
KQNPKQ,15239383701,4384902552,K3q3/3N4/8/8/8/k3P3/4Q3/8 w - - ,265
KNPKNN,8227988370,1421698944,k7/8/n2P4/1K3n2/8/6N1/8/8 w - - ,197
KNPKBN,16455976740,2889257051,k7/8/K2P4/8/8/5N2/n2b4/8 w - - ,197
KNPKRN,16455976740,7437119508,k7/3P4/n7/8/1K6/1N6/2r5/8 w - - ,197
KNPKQN,16455976740,5199522386,k7/3P4/q7/K7/3n4/8/3N4/8 w - - ,195
KNPKBB,8227988370,2803879661,8/8/5b2/PNK5/8/1b6/8/3k4 w - - ,171
KNPKRB,16455976740,7108243652,5b2/8/2P5/8/8/8/1N1k3r/6K1 w - - ,147
KNPKQB,16455976740,4899913970,8/4P2q/8/8/k1K5/8/8/2b1N3 w - - ,89
KNPKRR,8227988370,3049965384,6N1/1P6/3K4/8/8/k7/8/r5r1 w - - ,349
KNPKQR,16455976740,4573848871,k7/5P2/8/3N4/8/6K1/r7/7q w - - ,101
KNPKQQ,8227988370,1916154033,4q3/3P4/8/N1K5/k7/8/7q/8 w - - ,81
KBBBPK,2655914000,442437377,7B/B5K1/8/B7/8/8/P7/k7 w - - ,47
KRBBPK,8180453520,958342717,8/8/8/B7/RB6/Pk3K2/8/8 w - - ,41
KQBBPK,7765293120,703559635,8/2K5/8/8/8/8/k1PB4/2QB4 w - - ,19
KBBPKN,8243187360,2870261878,8/1n6/3P3B/8/5K2/8/k7/4B3 w - - ,209
KBBPKB,8243187360,2197999039,b7/8/6B1/3K4/8/8/2P5/Bk6 w - - ,107
KBBPKR,8243187360,2498007012,2B5/4Br2/K1k5/8/8/8/6P1/8 w - - ,359
KBBPKQ,8243187360,3263827568,6K1/P7/1q6/1B6/2B5/8/8/1k6 w - - ,195
KRRBPK,8113734960,587963895,7K/8/8/8/8/BRPR4/2k5/8 w - - ,21
KQRBPK,15668895360,1047113348,1Q6/8/8/8/8/1P6/BR6/k5K1 w - - ,11
KRBPKN,16637490240,3949529745,8/8/8/2K5/k7/3n1P1B/8/4R3 w - - ,181
KRBPKB,16637490240,4167659794,b7/8/8/8/8/2k5/4P1K1/6BR w - - ,141
KRBPKR,16637490240,5156167590,8/8/1B6/1k6/R7/2r5/6P1/K7 w - - ,151
KRBPKQ,16637490240,3325003756,8/7q/1R1P4/8/8/7B/3K4/k7 w - - ,253
KQQBPK,7304865208,425811163,1Q6/Q1B5/KP6/8/8/8/8/3k4 w - - ,9
KQBPKN,15787021288,2546843955,8/8/8/2K5/k7/3n1P1B/8/4Q3 w - - ,181
KQBPKB,15787021288,2553145756,8/8/8/8/2P5/1K3Q2/8/kB1b4 w - - ,101
KQBPKR,15787021288,3027936240,8/8/2k2P2/8/8/Q4K1r/B7/8 w - - ,85
KQBPKQ,15787021288,4247514767,5q2/2B5/8/4Q3/8/P2k1K2/8/8 w - - ,315
KBPKNN,8526316560,1605245963,K1kn4/B3P3/8/8/2n5/8/8/8 w - - ,441
KBPKBN,17052633120,2678024302,1n1b4/k1P5/3B4/K7/8/8/8/8 w - - ,199
KBPKRN,17052633120,6793195444,3r4/2P5/7B/6n1/3K4/8/k7/8 w - - ,203
KBPKQN,17052633120,4913311697,3q4/2P5/7B/6n1/3K4/8/k7/8 w - - ,203
KBPKBB,8526316560,985112606,1b6/8/7P/k7/8/3K3b/7B/8 w - - ,169
KBPKRB,17052633120,6380877286,8/2P5/8/r5bB/8/8/3k4/6K1 w - - ,141
KBPKQB,17052633120,4457909213,6bq/3P4/1k6/8/K7/8/8/5B2 w - - ,115
KBPKRR,8526316560,2920075859,8/r2P4/8/8/8/6r1/7B/1k3K2 w - - ,211
KBPKQR,17052633120,4371301074,2q5/kP6/2K5/3r4/8/8/B7/8 w - - ,97
KBPKQQ,8526316560,1891498229,Kq6/P2q4/k7/7B/8/8/8/8 w - - ,69
KRRRPK,2591413784,136513404,7K/8/R7/2R5/1kP5/2R5/8/8 w - - ,15
KQRRPK,7638174552,394820951,1R6/1Q6/1RK5/1P6/8/8/8/k7 w - - ,9
KRRPKN,8112305064,1142163094,8/RK6/3n4/3k4/2R5/4P3/8/8 w - - ,107
KRRPKB,8112305064,1312202365,8/8/8/8/8/3bP3/4R3/RK1k4 w - - ,139
KRRPKR,8112305064,1483622859,8/8/8/8/2k5/8/1R4P1/r2K2R1 w - - ,149
KRRPKQ,8112305064,1640427463,7q/k7/8/1R6/8/8/2R2P2/7K w - - ,505
KQQRPK,7244363904,342122587,8/8/8/8/2P1R1QQ/8/4K3/k7 w - - ,7
KQRPKN,15660233592,1711211792,8/R7/8/4Q3/8/Pk1n4/8/4K3 w - - ,101
KQRPKB,15660233592,1831721133,8/8/4Q3/3b4/8/8/K1kP4/R7 w - - ,133
KQRPKR,15660233592,2064359338,8/8/8/8/2k5/8/1R4P1/r2K2Q1 w - - ,149
KQRPKQ,15660233592,2858523615,8/4R3/8/8/8/K1q1P1Q1/8/k7 w - - ,253
KRPKNN,8459934480,2619162788,8/1P1k4/2R5/n7/1n6/K7/8/8 w - - ,505
KRPKBN,16919868960,5028904676,8/6P1/8/7n/5K2/4R1b1/8/1k6 w - - ,407
KRPKRN,16919868960,3035606499,8/5R2/8/8/2k2n2/5K2/6P1/4r3 w - - ,149
KRPKQN,16919868960,6091471497,7n/6P1/k7/8/1R6/8/7q/5K2 w - - ,157
KRPKBB,8459934480,1989553651,8/8/2P5/2kb2R1/4b1K1/8/8/8 w - - ,271
KRPKRB,16919868960,2985830775,8/5R2/8/8/2k1rb2/8/4K1P1/8 w - - ,151
KRPKQB,16919868960,5967360458,bK6/6P1/8/2q5/8/1k6/8/R7 w - - ,179
KRPKRR,8459934480,2752690358,8/5R2/8/8/2k2r2/5K2/6P1/4r3 w - - ,149
KRPKQR,16919868960,4888266886,6R1/5P2/8/2k1r2q/8/K7/8/8 w - - ,235
KRPKQQ,8459934480,2138602276,8/7P/2q5/8/8/2k5/6RK/q7 w - - ,159
KQQQPK,2210932072,87785232,8/1Q6/1Q6/7Q/1P6/8/4K3/k7 w - - ,7
KQQPKN,7297961576,615319235,8/8/8/8/P2Q4/K4Q2/2n5/1k6 w - - ,47
KQQPKB,7297961576,649176084,8/8/8/3b4/4Q3/P1k5/K6Q/8 w - - ,31
KQQPKR,7297961576,721239651,k7/P5Q1/Q7/8/8/8/r7/K7 w - - ,91
KQQPKQ,7297961576,928522807,k1K1q3/8/8/8/8/8/6P1/5Q1Q w - - ,243
KQPKNN,8024443680,2281653785,8/2n5/8/K7/1Pn5/8/2k5/7Q w - - ,159
KQPKBN,16048887360,4742357645,1K6/3n4/2k3P1/4Q3/8/8/5b2/8 w - - ,111
KQPKRN,16048887360,5643717430,8/2n5/8/8/1K3r2/Q7/2kP4/8 w - - ,219
KQPKQN,16048887360,2856606847,4n1Q1/8/8/8/2K5/4P3/k4q2/8 w - - ,255
KQPKBB,8024443680,2302752105,8/8/P7/8/3k4/4b3/4b3/5QK1 w - - ,167
KQPKRB,16048887360,5999019257,8/1kb5/8/8/3r4/8/4P3/2K1Q3 w - - ,309
KQPKQB,16048887360,2784038730,4b3/8/8/8/6Q1/k1K1P3/5q2/8 w - - ,255
KQPKRR,8024443680,2194278647,8/1k2P3/8/4K3/8/8/2r4r/Q7 w - - ,329
KQPKQR,16048887360,5308267500,4r3/8/8/8/8/4P3/1k1K1Q2/1q6 w - - ,251
KQPKQQ,8024443680,1924377951,2Q5/8/7q/8/8/4P3/3q4/k1K5 w - - ,247
KPKNNN,2939087360,1243694459,n7/8/5P2/k6K/8/8/8/n6n w - - ,163
KPKBNN,8817262080,4122483339,8/1P3n2/1b2K3/n7/8/8/8/k7 w - - ,179
KPKRNN,8817262080,2778733262,7n/5P2/1r6/8/8/k2K4/6n1/8 w - - ,163
KPKQNN,8817262080,2551025149,1n1n2q1/2P2K2/8/8/8/8/k7/8 w - - ,147
KPKBBN,8817262080,3973851310,8/bb3P2/8/8/8/2k5/8/1K1n4 w - - ,229
KPKRBN,17634524160,5959757216,1n5r/P7/1b6/8/8/k7/8/4K3 w - - ,159
KPKQBN,17634524160,5438635285,8/3P4/8/8/8/2k5/8/Kq2n2b w - - ,109
KPKRRN,8817262080,2223343660,k7/2P4r/8/8/8/3r4/8/1nK5 w - - ,143
KPKQRN,17634524160,3709062571,1n1q4/1KP5/8/8/8/8/4r3/1k6 w - - ,135
KPKQQN,8817262080,1489295501,8/6P1/8/8/8/2K2n2/k7/5q1q w - - ,47
KPKBBB,2939087360,841158064,8/4P3/8/4b1b1/8/7b/5K2/3k4 w - - ,195
KPKRBB,8817262080,2539908172,5b1r/P7/k7/8/8/8/4b1K1/8 w - - ,179
KPKQBB,8817262080,2297778639,1K6/2Pkb3/4b3/8/8/8/8/7q w - - ,167
KPKRRB,8817262080,2120158659,8/2Pr4/7b/5r2/8/8/8/2k4K w - - ,143
KPKQRB,17634524160,3483974452,3q4/2P5/7b/7r/8/8/8/1k4K1 w - - ,139
KPKQQB,8817262080,1420267248,qk4q1/5P2/6b1/1K6/8/8/8/8 w - - ,47
KPKRRR,2939087360,464853139,4K3/Pr6/6r1/8/k7/8/8/r7 w - - ,101
KPKQRR,8817262080,1286278477,3qK3/2P5/3k2r1/8/8/8/8/r7 w - - ,99
KPKQQR,8817262080,1134384247,8/P7/5q2/5r2/8/1K6/7q/k7 w - - ,77
KPKQQQ,2939087360,279628481,k4q2/4P3/2K5/7q/8/8/3q4/8 w - - ,19
KNNNKP,2454168310,1037565557,8/7p/8/8/8/2NN4/3k2K1/N7 w - - ,217
KBNNKP,7898299172,2619063774,8/8/8/1kB4p/2N3K1/8/8/N7 w - - ,215
KRNNKP,7833728534,1612066906,8/8/8/p7/1K6/4R3/3k4/6NN w - - ,213
KQNNKP,7437802122,1081868953,8/8/8/6p1/6KQ/2N5/8/k2N4 w - - ,183
KNNKNP,7892892088,960360845,7n/1K2p3/8/8/8/3N4/3N4/k7 w - - ,275
KNNKBP,7892892088,1117060962,1N6/8/p7/8/8/8/b1k1N3/K7 w - - ,229
KNNKRP,7892892088,2151333764,1N6/8/p7/8/8/8/r1k1N3/K7 w - - ,229
KNNKQP,7892892088,3597085638,1N6/8/p7/8/8/8/q1k1N3/K7 w - - ,229
KBBNKP,8184628434,2338735582,8/8/3K4/8/8/kB1B4/1p6/N7 w - - ,205
KRBNKP,16516596472,2989637051,R3B3/N7/8/8/8/3K4/6p1/1k6 w - - ,243
KQBNKP,15678498028,2024859742,Q3B3/N7/8/8/8/8/1p6/K1k5 w - - ,145
KBNKNP,16643179728,2625654211,k7/6p1/8/1n1K4/8/5N2/8/4B3 w - - ,255
KBNKBP,16643179728,2373354577,8/8/3b4/2K5/1p6/8/k7/5B1N w - - ,209
KBNKRP,16643179728,4134390816,8/8/3r4/2K5/1p6/8/k7/5B1N w - - ,209
KBNKQP,16643179728,7399847361,8/8/3q4/2K5/1p6/8/k7/5B1N w - - ,209
KRRNKP,8052120378,876034788,N7/8/8/5R2/8/7R/3p4/2k1K3 w - - ,177
KQRNKP,15550129968,1366672368,4Q2R/8/8/8/8/8/1p6/K1k3N1 w - - ,97
KRNKNP,16511011940,5762798802,8/8/8/8/k7/8/N2p2R1/4n1K1 w - - ,503
KRNKBP,16511011940,5888150362,5N2/4K3/8/5R2/1p6/8/k6b/8 w - - ,387
KRNKRP,16511011940,1873803951,k7/8/1K4p1/8/r7/8/3N4/3R4 w - - ,103
KRNKQP,16511011940,6787109394,8/8/8/4R3/8/3p2q1/3k3N/K7 w - - ,61
KQQNKP,7249605170,518398239,8/Q7/2Q5/2N5/8/8/1p6/K1k5 w - - ,73
KQNKNP,15667232408,3450003731,8/8/8/2k5/2nN4/5Q2/1p1K4/8 w - - ,131
KQNKBP,15667232408,3501416858,3K4/8/8/b7/8/6Q1/kp1N4/8 w - - ,101
KQNKRP,15667232408,4179811142,8/2r4K/8/2N5/2p5/8/k7/7Q w - - ,205
KQNKQP,15667232408,2063273825,8/3k1K2/5p2/6N1/8/8/6Q1/q7 w - - ,129
KNKNNP,8461431900,3671809012,8/8/1n3n2/8/5N2/8/p1K5/k7 w - - ,13
KNKBNP,16922863800,9081078921,8/8/8/b7/8/pn6/3N4/k1K5 w - - ,15
KNKRNP,16922863800,6930968542,8/8/8/8/3N4/pn6/3r4/k1K5 w - - ,15
KNKQNP,16922863800,4740026952,8/8/8/q7/8/pn6/3N4/k1K5 w - - ,15
KNKBBP,8461431900,4147768521,8/8/8/b7/8/pb6/3N4/k1K5 w - - ,15
KNKRBP,16922863800,6762440843,8/8/8/8/3N4/pb6/3r4/k1K5 w - - ,15
KNKQBP,16922863800,4738106241,8/8/8/q7/8/pb6/3N4/k1K5 w - - ,15
KNKRRP,8461431900,2679962112,8/8/8/8/3N4/pr6/3r4/k1K5 w - - ,15
KNKQRP,16922863800,4065125646,8/8/8/8/3N4/pq6/3r4/k1K5 w - - ,15
KNKQQP,8461431900,1398456498,8/8/8/q7/8/pq6/3N4/k1K5 w - - ,15
KBBBKP,2730818160,487764608,8/8/2B5/8/8/8/1Bkp4/B3K3 w - - ,147
KRBBKP,8411859960,1360826422,8/8/8/8/8/8/BR1p4/B1k1K3 w - - ,151
KQBBKP,7983421440,899505121,8/8/8/8/8/4Q3/1pkB3B/K7 w - - ,157
KBBKNP,8477211450,2378995944,K7/8/8/k7/Bp6/7n/7B/8 w - - ,261
KBBKBP,8477211450,688899195,8/8/8/2k5/1b5B/3B2p1/4K3/8 w - - ,149
KBBKRP,8477211450,1097904182,8/8/8/2k5/6B1/1p2r3/8/3KB3 w - - ,151
KBBKQP,8477211450,2844367059,8/8/8/2k5/1q5B/3B2p1/4K3/8 w - - ,149
KRRBKP,8343902340,817024905,8/8/8/7R/8/8/1p6/K1k3BR w - - ,145
KQRBKP,16110319800,1264803771,Q7/R7/8/1B6/8/8/1p6/K1k5 w - - ,111
KRBKNP,17111184720,5287994335,8/4K3/2n5/8/6R1/3p2B1/3k4/8 w - - ,457
KRBKBP,17111184720,5403058456,8/8/8/8/8/K7/1pkb4/3R3B w - - ,201
KRBKRP,17111184720,1820179694,k2r4/8/8/Kp6/8/7R/8/3B4 w - - ,153
KRBKQP,17111184720,6750303857,6R1/8/7B/4q3/8/5K2/6p1/k7 w - - ,75
KQQBKP,7509169048,482650751,3Q4/Q7/8/8/2B5/8/1p6/K1k5 w - - ,59
KQBKNP,16233397588,3167516788,8/6Q1/8/3n4/1K3B2/8/1pk5/8 w - - ,125
KQBKBP,16233397588,3171768293,5B2/8/1K6/8/2k5/8/7p/Q5b1 w - - ,115
KQBKRP,16233397588,3817615983,8/7Q/8/1pr4K/2B5/8/1k6/8 w - - ,209
KQBKQP,16233397588,2084385075,7q/7p/8/k7/6BQ/8/8/4K3 w - - ,125
KBKNNP,8769939360,3072909653,8/8/8/8/6n1/8/p1n5/k1K3B1 w - - ,19
KBKBNP,17539878720,6997478994,1B6/8/8/8/8/8/p1b5/k2K2n1 w - - ,17
KBKRNP,17539878720,6460880551,1B6/8/8/8/8/8/p1r5/k1K3n1 w - - ,17
KBKQNP,17539878720,4502895490,1B6/8/8/8/8/8/p1q5/k1K3n1 w - - ,17
KBKBBP,8769939360,2307296138,8/8/8/8/8/8/p1b5/kbBK4 w - - ,7
KBKRBP,17539878720,6264548164,8/8/8/6B1/8/8/p6r/k2K1b2 w - - ,9
KBKQBP,17539878720,4333830667,8/8/8/8/8/B7/p7/kbKq4 w - - ,5
KBKRRP,8769939360,2755882065,8/8/8/8/8/r7/p3r3/k1K3B1 w - - ,5
KBKQRP,17539878720,4168480768,8/8/8/8/8/5q2/p3r3/k1K3B1 w - - ,5
KBKQQP,8769939360,1493497922,8/8/8/8/8/3q4/p5qB/k1K5 w - - ,5
KRRRKP,2665120126,188055144,7R/8/5R2/8/8/5R2/1pk5/K7 w - - ,91
KQRRKP,7853944878,470480893,8/R7/8/3Q4/5R2/2k5/1p6/K7 w - - ,89
KRRKNP,8343895876,1727169617,8/k7/8/pR6/4K3/2n5/5R2/8 w - - ,131
KRRKBP,8343895876,1910031773,8/5R2/8/8/k2K4/1R3b2/3p4/8 w - - ,85
KRRKRP,8343895876,2028508520,8/8/8/K7/8/kpR5/2R5/7r w - - ,159
KRRKQP,8343895876,1478750469,8/8/1qk1p1K1/8/8/8/3R4/R7 w - - ,89
KQQRKP,7447546836,382708668,7R/8/8/1Q6/7Q/2k5/3p4/2K5 w - - ,73
KQRKNP,16104255438,2110391557,8/5R2/8/K7/8/1n6/2p4Q/1k6 w - - ,137
KQRKBP,16104255438,2285299927,5K2/3k4/8/8/2R5/b7/Q4p2/8 w - - ,161
KQRKRP,16104255438,2611689331,8/1K6/3Q3R/1r6/k7/8/4p3/8 w - - ,225
KQRKQP,16104255438,3662232849,4RQ2/8/5K2/3q4/8/3p4/2k5/8 w - - ,205
KRKNNP,8702321820,610003039,2k5/p3K3/5n2/8/8/8/n2R4/8 w - - ,135
KRKBNP,17404643640,4221942177,k7/p3b3/4K3/8/8/8/4R3/7n w - - ,133
KRKRNP,17404643640,5261030745,k7/p3r3/4K3/8/8/8/4R3/7n w - - ,133
KRKQNP,17404643640,4584053460,k7/p3q3/4K3/8/8/8/4R3/7n w - - ,133
KRKBBP,8702321820,1797733072,8/7p/8/8/k1b5/2K5/8/b5R1 w - - ,77
KRKRBP,17404643640,5514130609,8/7p/8/8/k1r5/2K5/8/b5R1 w - - ,77
KRKQBP,17404643640,4577797692,8/7p/8/8/k1q5/2K5/8/b5R1 w - - ,77
KRKRRP,8702321820,2443656441,2K5/1p1r4/1k6/8/8/8/1r6/1R6 w - - ,57
KRKQRP,17404643640,4015812630,2K5/1p1r4/1k6/8/8/8/1q6/1R6 w - - ,57
KRKQQP,8702321820,1642182487,3K4/8/5p2/8/q1k3q1/8/8/R7 w - - ,55
KQQQKP,2272477092,95725597,k7/5Q2/8/4Q3/8/8/1p1Q4/2K5 w - - ,51
KQQKNP,7503402998,740389855,8/8/8/8/7Q/2k5/2pnQ3/1K6 w - - ,119
KQQKBP,7503402998,782017927,8/Q7/8/8/4b3/1k6/5p2/QK6 w - - ,101
KQQKRP,7503402998,895681999,8/8/1pk5/K7/8/8/Qr6/4Q3 w - - ,193
KQQKQP,7503402998,1167282431,QQ6/8/8/8/1K4q1/8/4p3/2k5 w - - ,119
KQKNNP,8252784300,2584495613,8/6pQ/8/n2k4/8/1n6/8/4K3 w - - ,233
KQKBNP,16505568600,5876984971,6Q1/7K/6p1/8/8/k2b4/n7/8 w - - ,445
KQKRNP,16505568600,4858722657,7n/5rp1/8/Q7/8/8/2k5/K7 w - - ,327
KQKQNP,16505568600,5202873239,8/8/6Q1/8/8/8/4p1n1/Kq1k4 w - - ,125
KQKBBP,8252784300,2868076274,8/3k4/8/8/2p2Q2/2b5/4b3/7K w - - ,307
KQKRBP,16505568600,4398063388,1b6/8/8/K3p3/8/6Q1/8/2k2r2 w - - ,237
KQKQBP,16505568600,5543129130,4q3/3K4/8/8/8/1p4Q1/k2b4/8 w - - ,101
KQKRRP,8252784300,2418760684,K7/8/8/5p2/3k4/1Q2r3/8/7r w - - ,215
KQKQRP,16505568600,5283961097,8/1q6/7K/2r5/2p5/8/6Q1/1k6 w - - ,207
KQKQQP,8252784300,1964315407,K7/8/8/8/8/4p3/Q6q/q1k5 w - - ,57
KKNNNP,3023591880,885324486,,
KKBNNP,9070775640,2616710716,,
KKRNNP,9070775640,1795862807,,
KKQNNP,9070775640,1552726087,,
KKBBNP,9070775640,2609059491,,
KKRBNP,18141551280,3619739783,,
KKQBNP,18141551280,3206014642,,
KKRRNP,9070775640,1227048685,,
KKQRNP,18141551280,2383803086,,
KKQQNP,9070775640,1060810688,,
KKBBBP,3023591880,782577175,,
KKRBBP,9070775640,1805448659,,
KKQBBP,9070775640,1573173200,,
KKRRBP,9070775640,1233805038,,
KKQRBP,18141551280,2341986114,,
KKQQBP,9070775640,1060829071,,
KKRRRP,3023591880,276760207,,
KKQRRP,9070775640,908069442,,
KKQQRP,9070775640,878242054,,
KKQQQP,3023591880,237631846,,
KNNPPK,2882231452,570175669,N7/N7/6K1/2k5/8/1P6/1P6/8 w - - ,63
KBNPPK,6074757660,1148273034,N1k4K/2P5/2P5/B7/8/8/8/8 w - - ,65
KRNPPK,6025289685,768155995,RN6/Pk6/8/8/8/8/P7/7K w - - ,39
KQNPPK,5720330983,589868650,8/8/8/8/8/8/k1PP4/N1QK4 w - - ,25
KNPPKN,6071020409,2413748962,N7/8/8/1k6/8/6P1/n5P1/4K3 w - - ,185
KNPPKB,6071020409,2445814803,8/8/N1b5/8/k7/8/2P1P3/K7 w - - ,175
KNPPKR,6071020409,1695882803,8/k1PN1r2/8/8/8/1P6/8/K7 w - - ,193
KNPPKQ,6071020409,2590426986,8/2P5/3N4/8/8/4P2K/k7/q7 w - - ,259
KBBPPK,3092810979,546430662,1B6/8/8/8/8/P1Bk1K2/P7/8 w - - ,49
KRBPPK,6241486572,737048236,8/8/8/8/BR6/kP6/P7/K7 w - - ,31
KQBPPK,5924377014,571897745,K7/8/8/8/8/8/k1PP4/2QB4 w - - ,27
KBPPKN,6289527204,2252767354,8/P7/1k6/2n5/B3K3/8/P7/8 w - - ,209
KBPPKB,6289527204,2216333363,8/8/k1K5/8/1P6/B7/4P3/7b w - - ,163
KBPPKR,6289527204,1794332495,8/4P3/1r6/8/5B2/8/P7/K2k4 w - - ,297
KBPPKQ,6289527204,2509176408,8/5B1P/8/8/3k4/7P/4q3/1K6 w - - ,315
KRRPPK,3042916925,261785588,8/8/8/8/1RPR4/2k5/2P5/1K6 w - - ,23
KQRPPK,5876041674,438401451,8/8/8/1Q6/8/1P6/1RP5/k6K w - - ,15
KRPPKN,6239761412,1491893907,8/4R3/8/K1k1P3/2n5/4P3/8/8 w - - ,107
KRPPKB,6239761412,1712335313,7b/8/8/8/1R6/3P4/2kP4/K7 w - - ,139
KRPPKR,6239761412,2109552721,8/8/8/8/1k6/3r2P1/7P/K6R w - - ,189
KRPPKQ,6239761412,2381384126,8/k1P5/8/8/1R5P/8/K7/7q w - - ,431
KQQPPK,2739271851,158812352,Q7/QK6/PP6/8/8/8/8/k7 w - - ,9
KQPPKN,5920486098,888956820,8/8/2K5/8/1n6/6P1/Q3P3/2k5 w - - ,87
KQPPKB,5920486098,947593101,8/8/8/8/1k6/2b3P1/1K4P1/Q7 w - - ,67
KQPPKR,5920486098,1173277710,6rK/8/8/8/4PP2/8/2Q5/k7 w - - ,107
KQPPKQ,5920486098,1911245779,8/3k4/8/7Q/8/P7/7P/4K2q w - - ,363
KPPKNN,3197807670,1393618462,8/8/4P3/3k4/1P6/6n1/8/n3K3 w - - ,165
KPPKBN,6395615340,3228494299,8/8/8/P6P/K1k5/8/4b3/4n3 w - - ,121
KPPKRN,6395615340,2710068195,8/P7/5n2/K7/8/1k3r2/3P4/8 w - - ,221
KPPKQN,6395615340,1796085913,4n3/6P1/8/8/8/2K1P3/k4q2/8 w - - ,255
KPPKBB,3197807670,1066702033,8/2K5/1P3P2/3k4/8/8/8/bb6 w - - ,173
KPPKRB,6395615340,2536421088,8/7P/r7/8/5b2/k7/4P3/K7 w - - ,309
KPPKQB,6395615340,1661963822,2b5/q6P/8/8/4K3/4P3/8/k7 w - - ,249
KPPKRR,3197807670,1006957134,8/3k1P1P/6K1/8/4r3/8/8/r7 w - - ,297
KPPKQR,6395615340,1719656055,2r5/1P6/7q/8/8/4P3/3K4/k7 w - - ,247
KPPKQQ,3197807670,578980604,2q5/1P6/7q/8/8/4P3/3K4/k7 w - - ,247
KNNPKP,5971731414,2283648969,1N6/8/p7/8/2Pk4/8/8/1K4N1 w - - ,227
KBNPKP,12584097296,4314910299,8/8/3K4/8/8/1P6/1pk5/5B1N w - - ,205
KRNPKP,12483310868,2517442650,5N2/8/4K3/4P3/3k4/1R6/2p5/8 w - - ,241
KQNPKP,11853729288,1527145986,8/8/8/8/5Q2/4P3/1pN5/K1k5 w - - ,229
KNPKNP,12578638222,3803208630,n7/2PK3p/8/8/8/8/1k3N2/8 w - - ,207
KNPKBP,12578638222,3534140746,8/7P/8/3K3b/k2N4/8/1p6/8 w - - ,213
KNPKRP,12578638222,5996082427,8/pP6/k2N4/8/4r3/K7/8/8 w - - ,215
KNPKQP,12578638222,4789274866,8/1k1P1q2/7p/8/8/N7/8/4K3 w - - ,221
KBBPKP,6407315364,1819193751,8/8/P6K/1B6/8/3B4/1k4p1/8 w - - ,193
KRBPKP,12930597552,2292906231,8/8/3P4/8/1R2K3/7B/4p3/k7 w - - ,239
KQBPKP,12275794918,1372487814,3B4/8/8/8/8/4P1Q1/1p6/K1k5 w - - ,223
KBPKNP,13030747198,3597001739,8/5P2/8/2n5/1k6/8/1p1K4/3B4 w - - ,319
KBPKBP,13030747198,2812569094,8/P7/8/8/1k6/8/1p1K1b2/3B4 w - - ,139
KBPKRP,13030747198,5687659703,K7/8/4B2P/8/5p2/4r3/2k5/8 w - - ,207
KBPKQP,13030747198,4547429141,8/7p/8/8/8/K7/4B2P/1k1q4 w - - ,135
KRRPKP,6305657722,682748561,8/k7/8/8/2R3RP/8/7p/4K3 w - - ,435
KQRPKP,12177315210,861594166,5Q1R/8/8/8/8/8/1p2P3/K1k5 w - - ,247
KRPKNP,12929348854,4768080192,3n4/1P6/2k5/8/8/8/4K1p1/7R w - - ,395
KRPKBP,12929348854,4981749177,8/1P2R3/k7/8/8/8/2p5/1b5K w - - ,331
KRPKRP,12929348854,3523663968,8/7P/1K5R/8/1r1k4/8/4p3/8 w - - ,231
KRPKQP,12929348854,5309373444,4R3/5P2/5K2/3q4/1k6/3p4/8/8 w - - ,207
KQQPKP,5678664554,235363314,8/8/8/Q7/6Q1/8/1p1P4/K1k5 w - - ,217
KQPKNP,12269985740,2757891482,8/n7/8/1K6/8/4PQ2/1p6/k7 w - - ,249
KQPKBP,12269985740,2825483756,4b3/8/8/Q7/8/1k2P3/1p6/2K5 w - - ,251
KQPKRP,12269985740,3648338241,8/8/8/1K6/2Q5/1r2P3/1k4p1/8 w - - ,251
KQPKQP,12269985740,2972058865,8/3q4/2p4P/8/7Q/1k6/8/K7 w - - ,301
KPKNNP,6625690560,3187239371,8/8/p4KP1/8/8/8/7n/k2n4 w - - ,233
KPKBNP,13251381120,6945453946,K7/P7/1p6/8/6n1/2b5/8/3k4 w - - ,447
KPKRNP,13251381120,4613705778,7n/1r2P3/6p1/8/8/8/3k4/K7 w - - ,327
KPKQNP,13251381120,3807072995,8/4q3/3K4/1p5P/8/8/1n6/k7 w - - ,115
KPKBBP,6625690560,2921933121,8/3k1P2/8/8/2p5/2b5/8/3b3K w - - ,309
KPKRBP,13251381120,4216642368,1b4r1/P7/8/4p3/8/8/3k4/K7 w - - ,231
KPKQBP,13251381120,3564188947,4q3/3K2P1/8/8/1p6/8/3b4/k7 w - - ,101
KPKRRP,6625690560,1637435387,K7/2P5/8/2k2p2/8/4r3/8/7r w - - ,213
KPKQRP,13251381120,2492086872,K6q/6P1/4r3/8/5p2/8/2k5/8 w - - ,205
KPKQQP,6625690560,776147625,1K5q/6P1/8/8/3k4/8/3p4/q7 w - - ,55
KNNKPP,3046273368,1486580159,N7/pp6/8/8/8/K7/8/1Nk5 w - - ,259
KBNKPP,6423084908,3211622287,k1K5/7p/6NB/8/8/5p2/8/8 w - - ,247
KRNKPP,6371756294,1892555390,8/2K5/R6N/8/8/2p5/5p2/3k4 w - - ,375
KQNKPP,6046930958,1146091252,8/3k4/3N1p2/6K1/8/8/p2Q4/8 w - - ,125
KNKNPP,6421398458,2794089146,2N5/2p5/8/8/8/p7/2n5/k1K5 w - - ,33
KNKBPP,6421398458,2911709193,1b6/2p5/8/8/1N6/p7/8/k1K5 w - - ,35
KNKRPP,6421398458,2656012886,2N5/2p5/8/8/8/p7/2r5/k1K5 w - - ,33
KNKQPP,6421398458,1671938132,2N5/2p5/8/8/8/p7/2q5/k1K5 w - - ,33
KBBKPP,3271423410,821137247,B7/B7/8/5p2/8/2p5/1K1k4/8 w - - ,207
KRBKPP,6602996880,1653976842,8/8/8/8/B7/3k4/2Rp1p1K/8 w - - ,415
KQBKPP,6265091524,988510803,8/8/8/4K3/8/8/p1B1Q2p/2k5 w - - ,91
KBKNPP,6655153744,2301279956,8/8/8/8/8/4p3/p2n4/k1K1B3 w - - ,37
KBKBPP,6655153744,2175036837,8/B7/8/4p3/8/8/p6b/k1K5 w - - ,11
KBKRPP,6655153744,2670901742,8/8/8/r1p5/8/4B3/p7/k1K5 w - - ,11
KBKQPP,6655153744,1682065948,8/8/8/1p6/8/8/p2B4/k1K1q3 w - - ,7
KRRKPP,3219649556,585810561,8/8/k7/p7/1K6/3R4/2p1R3/8 w - - ,95
KQRKPP,6214937238,650691500,8/8/4QR2/8/8/4p3/1pk5/K7 w - - ,193
KRKNPP,6603510926,1264932385,k7/p7/8/1R6/pK6/5n2/8/8 w - - ,143
KRKBPP,6603510926,1386418357,k3b3/8/8/1K3p2/8/1p4R1/8/8 w - - ,93
KRKRPP,6603510926,2348989822,8/5p2/2R5/8/8/8/k1r1p3/3K4 w - - ,83
KRKQPP,6603510926,1979682160,8/5p2/2R5/8/8/8/k1q1p3/3K4 w - - ,83
KQQKPP,2896098302,210032966,6Q1/8/8/8/8/8/1pkp2Q1/K7 w - - ,79
KQKNPP,6263207894,1875763211,2Q5/8/8/4p3/8/8/n1p5/3k1K2 w - - ,197
KQKBPP,6263207894,1909435304,8/Q7/1p6/2b5/8/8/3p4/K1k5 w - - ,427
KQKRPP,6263207894,2264232541,7Q/2k2pp1/8/6r1/8/8/8/7K w - - ,241
KQKQPP,6263207894,2084503440,8/8/5K2/2p5/Q7/3p4/6q1/2k5 w - - ,87
KKNNPP,3384898440,889092004,,
KKBNPP,6769796880,1741024100,,
KKRNPP,6769796880,1281494266,,
KKQNPP,6769796880,1083690195,,
KKBBPP,3384898440,893815886,,
KKRBPP,6769796880,1267957703,,
KKQBPP,6769796880,1092003822,,
KKRRPP,3384898440,469858736,,
KKQRPP,6769796880,845737820,,
KKQQPP,3384898440,317720026,,
KNPPPK,1485187084,229923887,N7/1k5K/8/8/1P6/1P6/1P6/8 w - - ,63
KBPPPK,1538235782,238444188,8/1P6/kB6/8/P7/8/P7/7K w - - ,51
KRPPPK,1525863969,158168393,8/1R6/2k5/2P5/8/3P4/3P4/7K w - - ,29
KQPPPK,1448274103,102402134,8/8/8/8/8/2P5/k1PP4/2QK4 w - - ,25
KPPPKN,1537640536,448950604,8/2P5/3k1n2/8/4K3/6P1/6P1/8 w - - ,173
KPPPKB,1537640536,464799032,8/1P1k4/8/4K3/8/8/P3Pb2/8 w - - ,155
KPPPKR,1537640536,614541844,8/2P5/2P1r3/k7/8/2K5/5P2/8 w - - ,139
KPPPKQ,1537640536,560456828,k7/6P1/8/8/4q3/P7/5K1P/8 w - - ,355
KNPPKP,4652474595,1549840061,8/8/2PN4/8/6K1/4P3/k4p2/8 w - - ,261
KBPPKP,4817185130,1386787304,8/8/8/7B/4p2P/K2k3P/8/8 w - - ,301
KRPPKP,4779368307,921181949,8/k1P5/8/8/1R5P/8/7p/3K4 w - - ,421
KQPPKP,4538933773,518208839,8/8/8/Q7/8/8/1Pp1P3/1k1K4 w - - ,245
KPPKNP,4816216492,2093604992,8/8/8/4P3/1p6/4P3/k7/3nK3 w - - ,255
KPPKBP,4816216492,2061229458,8/8/8/1p6/4P3/2b1P3/k1K5/8 w - - ,255
KPPKRP,4816216492,2332466799,8/8/8/1p6/4P3/2r1P3/k1K5/8 w - - ,255
KPPKQP,4816216492,1584957261,8/P7/2p4P/3q4/k7/8/8/K7 w - - ,293
KNPKPP,4783242901,2250532570,8/p7/kP6/N7/K7/p7/8/8 w - - ,215
KBPKPP,4953633076,2126233937,8/1p6/8/7p/8/8/1k5P/3K1B2 w - - ,161
KRPKPP,4915107000,1750970008,8/1R3K2/8/4p3/8/2Pp4/3k4/8 w - - ,205
KQPKPP,4666845668,889344687,2k5/2p5/1K6/7P/7Q/8/6p1/8 w - - ,281
KPKNPP,4953510200,2327977716,8/1p6/3P4/3k4/6n1/2K5/3p4/8 w - - ,217
KPKBPP,4953510200,2173430299,8/8/6p1/1P6/4p3/1k5K/2b5/8 w - - ,423
KPKRPP,4953510200,1770127843,8/5ppP/1k6/6r1/8/8/8/7K w - - ,243
KPKQPP,4953510200,1306699673,8/P7/8/4q3/2pK4/3p4/8/k7 w - - ,85
KNKPPP,1615955390,547427885,8/2p5/3p4/5N2/8/p7/8/k1K5 w - - ,41
KBKPPP,1674683728,486992105,8/8/2p5/3p4/8/1K6/p7/k3B3 w - - ,11
KRKPPP,1661602662,676659006,8/8/8/R1p3p1/3K4/8/5p2/2k5 w - - ,105
KQKPPP,1576185998,395809038,8/1K6/5Q2/2p5/8/8/3p3p/2k5 w - - ,135
KKNPPP,1674934244,321199901,,
KKBPPP,1674934244,335894828,,
KKRPPP,1674934244,251961970,,
KKQPPP,1674934244,179032445,,
KPPPPK,275643069,30354259,K7/8/8/2kP4/6P1/6P1/6P1/8 w - - ,65
KPPPKP,1161163818,336069720,8/k7/5P2/6K1/8/P1p5/7P/8 w - - ,341
KPPKPP,1804428729,771644958,8/8/2p4P/5P2/1k6/4p3/K7/8 w - - ,281
KPKPPP,1227938280,584682071,8/1K6/2p4P/8/8/3p3p/1k6/8 w - - ,137
KKPPPP,309030300,51682351,,
